Question number or item identifier,Source location in file if available,Question text,Answer choices,Marked correct answer,Auditor verdict,Is the marked correct answer actually correct?,"If not, what is the actually correct answer?",Is the actually correct answer present among the choices?,Statistical issue category,Formula dependency assessment,Short rationale explaining the issue,"Easy fix to answer choices, if any","Easy fix to question wording, if any",Recommended final status
Item 1,C:\Users\ppavl\OneDrive\Active projects\mofacts_config\psyc-3020-001-research-and-statistics-ii-spring-term-2026-export_1775424119593_unzipped\psyc-3020-001-research-and-statistics-ii-spring-term-2026-export_stims.json :: setspec.clusters[0].stims[0],A psychologist is studying the effects of three different therapies on depression. She collects data on patient mood scores after each therapy. Which of the following is a key assumption of one-way ANOVA that should be verified before proceeding?,Choice pool (runtime order randomized): The variances of mood scores must be equal across all therapies. || The sample size for each therapy group must be the same. || The mood scores must be measured on an ordinal scale. || The mood scores must follow a normal distribution in the population.,The variances of mood scores must be equal across all therapies.,Correct,Yes,The variances of mood scores must be equal across all therapies.,Yes,None,No formula needed,Keyed correctly and statistically sound as written.,,,Keep as is
Item 2,C:\Users\ppavl\OneDrive\Active projects\mofacts_config\psyc-3020-001-research-and-statistics-ii-spring-term-2026-export_1775424119593_unzipped\psyc-3020-001-research-and-statistics-ii-spring-term-2026-export_stims.json :: setspec.clusters[1].stims[0],"Consider a one-way ANOVA with three groups. If the F-statistic is calculated as 4.36 and the critical value from the F-distribution table is 3.89, what is the correct interpretation?",Choice pool (runtime order randomized): There is a significant difference between at least two group means. || The sample size is insufficient for the analysis. || There is no significant difference between the group means. || The groups have identical variances.,There is a significant difference between at least two group means.,Correct,Yes,There is a significant difference between at least two group means.,Yes,None,No formula needed,Keyed correctly and statistically sound as written.,,,Keep as is
Item 3,C:\Users\ppavl\OneDrive\Active projects\mofacts_config\psyc-3020-001-research-and-statistics-ii-spring-term-2026-export_1775424119593_unzipped\psyc-3020-001-research-and-statistics-ii-spring-term-2026-export_stims.json :: setspec.clusters[2].stims[0],A study is conducted to compare the effectiveness of four different teaching methods on student performance. The ANOVA test shows a p-value of 0.03. What does this indicate?,Choice pool (runtime order randomized): At least one teaching method is significantly different in effectiveness compared to the others. || The teaching methods all have the same effectiveness. || There is a 3% probability that the teaching methods have different effectiveness. || There is a 97% probability that the teaching methods have different effectiveness.,At least one teaching method is significantly different in effectiveness compared to the others.,Problematic but salvageable,Partly,"If alpha is 0.05, reject H0 and conclude at least one mean differs; significance depends on the preset alpha level.",Partly,Ambiguity,No formula needed,A p-value of 0.03 only supports the keyed conclusion if the chosen alpha exceeds 0.03; alpha is never stated.,,"Add ""at alpha = 0.05"" (or another stated alpha) to the stem.",Revise wording
Item 4,C:\Users\ppavl\OneDrive\Active projects\mofacts_config\psyc-3020-001-research-and-statistics-ii-spring-term-2026-export_1775424119593_unzipped\psyc-3020-001-research-and-statistics-ii-spring-term-2026-export_stims.json :: setspec.clusters[3].stims[0],"In the context of a one-way ANOVA, what does ‘post-hoc analysis’ typically refer to?",Choice pool (runtime order randomized): Additional analysis to determine which specific groups differ after finding a significant F-statistic || Analysis of variance within each group || Correction of data anomalies found during the ANOVA test || Preliminary analysis conducted before the main ANOVA test,Additional analysis to determine which specific groups differ after finding a significant F-statistic,Correct,Yes,Additional analysis to determine which specific groups differ after finding a significant F-statistic,Yes,None,No formula needed,Keyed correctly and statistically sound as written.,,,Keep as is
Item 5,C:\Users\ppavl\OneDrive\Active projects\mofacts_config\psyc-3020-001-research-and-statistics-ii-spring-term-2026-export_1775424119593_unzipped\psyc-3020-001-research-and-statistics-ii-spring-term-2026-export_stims.json :: setspec.clusters[4].stims[0],"A one-way ANOVA is conducted to compare stress levels in different occupations. If the null hypothesis is that all occupations have the same average stress level, what would be a Type I error in this context?",Choice pool (runtime order randomized): Concluding that there is a difference in stress levels when there isn’t || Failing to detect a difference in stress levels when there is one || Including too many occupations in the analysis || Having unequal sample sizes for each occupation,Concluding that there is a difference in stress levels when there isn’t,Correct,Yes,Concluding that there is a difference in stress levels when there isn’t,Yes,None,No formula needed,Keyed correctly and statistically sound as written.,,,Keep as is
Item 6,C:\Users\ppavl\OneDrive\Active projects\mofacts_config\psyc-3020-001-research-and-statistics-ii-spring-term-2026-export_1775424119593_unzipped\psyc-3020-001-research-and-statistics-ii-spring-term-2026-export_stims.json :: setspec.clusters[5].stims[0],"In a one-way ANOVA comparing five different diets, the sum of squares between groups (SSB) is 80 and the sum of squares within groups (SSW) is 120. What is the total sum of squares (SST)?",Choice pool (runtime order randomized): 200 || 120 || 80 || 40,200,Correct,Yes,200,Yes,None,Okay via simple division/arithmetic,Keyed correctly; the required work is simple arithmetic rather than formula memorization.,,,Keep as is
Item 7,C:\Users\ppavl\OneDrive\Active projects\mofacts_config\psyc-3020-001-research-and-statistics-ii-spring-term-2026-export_1775424119593_unzipped\psyc-3020-001-research-and-statistics-ii-spring-term-2026-export_stims.json :: setspec.clusters[6].stims[0],"When conducting a one-way ANOVA, what are the null and alternative hypotheses?","Choice pool (runtime order randomized): Null, All group means are the same, Alternative, At least one group mean is different || Null, The sample sizes are equal, Alternative, The sample sizes are not equal || Null, All group means are different, Alternative, At least one group mean is the same || Null, The group variances are equal, Alternative, The group variances are not equal","Null, All group means are the same, Alternative, At least one group mean is different",Correct,Yes,"Null, All group means are the same, Alternative, At least one group mean is different",Yes,None,No formula needed,Keyed correctly and statistically sound as written.,,,Keep as is
Item 8,C:\Users\ppavl\OneDrive\Active projects\mofacts_config\psyc-3020-001-research-and-statistics-ii-spring-term-2026-export_1775424119593_unzipped\psyc-3020-001-research-and-statistics-ii-spring-term-2026-export_stims.json :: setspec.clusters[7].stims[0],"In a psychological study using one-way ANOVA to compare three therapies, if the null hypothesis states that all therapies are equally effective, what does a failure to reject the null hypothesis imply?",Choice pool (runtime order randomized): There is not enough evidence to conclude that the therapies differ in effectiveness. || The therapies have different levels of effectiveness. || The therapies are not effective at all. || The sample size is too small to determine the effectiveness of the therapies.,There is not enough evidence to conclude that the therapies differ in effectiveness.,Correct,Yes,There is not enough evidence to conclude that the therapies differ in effectiveness.,Yes,None,No formula needed,Keyed correctly and statistically sound as written.,,,Keep as is
Item 9,C:\Users\ppavl\OneDrive\Active projects\mofacts_config\psyc-3020-001-research-and-statistics-ii-spring-term-2026-export_1775424119593_unzipped\psyc-3020-001-research-and-statistics-ii-spring-term-2026-export_stims.json :: setspec.clusters[8].stims[0],A one-way ANOVA test is conducted to compare levels of motivation among students in different learning environments. What would be a Type II error in this context?,Choice pool (runtime order randomized): Concluding that different learning environments do not affect motivation when they actually do. || Concluding that different learning environments affect motivation when they do not. || Including too few learning environments in the study. || Having unequal numbers of students in each learning environment.,Concluding that different learning environments do not affect motivation when they actually do.,Correct,Yes,Concluding that different learning environments do not affect motivation when they actually do.,Yes,None,No formula needed,Keyed correctly and statistically sound as written.,,,Keep as is
Item 10,C:\Users\ppavl\OneDrive\Active projects\mofacts_config\psyc-3020-001-research-and-statistics-ii-spring-term-2026-export_1775424119593_unzipped\psyc-3020-001-research-and-statistics-ii-spring-term-2026-export_stims.json :: setspec.clusters[9].stims[0],"If the p-value in a one-way ANOVA comparing four different teaching techniques is 0.05, and the significance level (α) is set at 0.01, what is the correct interpretation?",Choice pool (runtime order randomized): The difference in teaching techniques is not statistically significant. || The difference in teaching techniques is statistically significant. || The sample size needs to be increased. || The teaching techniques all have the same level of effectiveness.,The difference in teaching techniques is not statistically significant.,Correct,Yes,The difference in teaching techniques is not statistically significant.,Yes,None,No formula needed,Keyed correctly and statistically sound as written.,,,Keep as is
Item 11,C:\Users\ppavl\OneDrive\Active projects\mofacts_config\psyc-3020-001-research-and-statistics-ii-spring-term-2026-export_1775424119593_unzipped\psyc-3020-001-research-and-statistics-ii-spring-term-2026-export_stims.json :: setspec.clusters[10].stims[0],"During a study on the effects of a new therapeutic intervention for anxiety, a sample of 25 patients is selected. The population standard deviation of anxiety scores is known to be 8. What is the standard error of the mean for this study?",Choice pool (runtime order randomized): 1.6 || 0.4 || 16 || 8,1.6,Problematic but salvageable,Yes,1.6,Yes,Formula dependency,Problematic because it requires formula recall,"The keyed answer is numerically correct, but the item mainly rewards recall of the standard-error formula (sigma/sqrt(n)).",,Provide the standard-error formula in the stem or rewrite the item conceptually.,Revise concept/substance
Item 12,C:\Users\ppavl\OneDrive\Active projects\mofacts_config\psyc-3020-001-research-and-statistics-ii-spring-term-2026-export_1775424119593_unzipped\psyc-3020-001-research-and-statistics-ii-spring-term-2026-export_stims.json :: setspec.clusters[11].stims[0],"In a study on learning outcomes, a psychologist collects a sample of 16 students’ test scores from a population with a mean of 82 and a standard deviation of 6. The psychologist is using this sample to estimate the population mean. Which of the following best describes the distribution of the sample means for samples of this size?",Choice pool (runtime order randomized): The distribution will be approximately normal if the population distribution is normal. || The distribution will be skewed to the left. || The distribution will be skewed to the right. || The distribution will be perfectly normal regardless of the population distribution.,The distribution will be approximately normal if the population distribution is normal.,Correct,Yes,The distribution will be approximately normal if the population distribution is normal.,Yes,None,No formula needed,Keyed correctly and statistically sound as written.,,,Keep as is
Item 13,C:\Users\ppavl\OneDrive\Active projects\mofacts_config\psyc-3020-001-research-and-statistics-ii-spring-term-2026-export_1775424119593_unzipped\psyc-3020-001-research-and-statistics-ii-spring-term-2026-export_stims.json :: setspec.clusters[12].stims[0],A clinical study is evaluating the effectiveness of a new drug on reducing depressive symptoms. The researchers expect the population standard deviation of depressive symptoms to be around 7 points on a standardized assessment. They plan to use a sample size of 49 individuals. What will be the standard deviation of the sampling distribution of the sample mean (standard error)?,Choice pool (runtime order randomized): 1 point || 7 points || Not enough information || 49 points,1 point,Problematic but salvageable,Yes,1 point,Yes,Formula dependency,Problematic because it requires formula recall,"The keyed answer is numerically correct, but solving it depends on recalling the standard-error formula.",,Give the formula directly or turn the prompt into a conceptual question about how sample size changes standard error.,Revise concept/substance
Item 14,C:\Users\ppavl\OneDrive\Active projects\mofacts_config\psyc-3020-001-research-and-statistics-ii-spring-term-2026-export_1775424119593_unzipped\psyc-3020-001-research-and-statistics-ii-spring-term-2026-export_stims.json :: setspec.clusters[13].stims[0],"In a psychological study examining the relationship between social media usage and attention span, the researchers would like to claim that their findings from a sample are reflective of the general population. Which of the following conditions would strengthen their claim?","Choice pool (runtime order randomized): The sample size is large, and the sampling distribution is approximately normal. || The sample size is small, but the population variance is known. || The sample is biased, but the population mean is known. || The sample variance is high, indicating a diverse sample.","The sample size is large, and the sampling distribution is approximately normal.",Incorrect,No,"A random, representative sample from the target population is what primarily strengthens a claim that sample findings reflect the population.",No,Conceptual error,No formula needed,"Large n and a roughly normal sampling distribution help inference precision, but they do not fix a biased or unrepresentative sample.",Replace the keyed option with one that explicitly says the sample is random/representative of the population.,Ask about generalizability/representativeness rather than the sampling distribution.,Revise concept/substance
Item 15,C:\Users\ppavl\OneDrive\Active projects\mofacts_config\psyc-3020-001-research-and-statistics-ii-spring-term-2026-export_1775424119593_unzipped\psyc-3020-001-research-and-statistics-ii-spring-term-2026-export_stims.json :: setspec.clusters[14].stims[0],"In a study on the effects of group therapy on coping skills, a psychologist finds that the sample means are less variable than individual scores. This phenomenon is best explained by which of the following?",Choice pool (runtime order randomized): Central limit theorem || Regression toward the mean || Hawthorne effect || Confirmation bias,Central limit theorem,Problematic but salvageable,Partly,The variability of sample means is smaller because the sampling distribution of x-bar has standard deviation sigma/sqrt(n); CLT only partly captures that story.,No,Misinterpretation,No formula needed,CLT is more about the shape of the sampling distribution than about why averaging reduces variability; the options miss the best explanation.,Add an option about the sampling distribution of the mean having smaller spread / standard error.,Ask directly about why sample means vary less than individual scores.,Revise concept/substance
Item 16,C:\Users\ppavl\OneDrive\Active projects\mofacts_config\psyc-3020-001-research-and-statistics-ii-spring-term-2026-export_1775424119593_unzipped\psyc-3020-001-research-and-statistics-ii-spring-term-2026-export_stims.json :: setspec.clusters[15].stims[0],"A psychologist is studying the effect of a new therapy on reducing anxiety levels. They conduct a trial where a success is defined as a noticeable reduction in anxiety symptoms. If the probability of a single patient showing improvement after the therapy is 0.7, what is the standard deviation of this proportion distribution?",Choice pool (runtime order randomized): 0.46 || 0.21 || 0.49 || 0.7,0.46,Problematic but salvageable,Partly,"For a single Bernoulli outcome, the standard deviation is sqrt(0.7*0.3) about 0.46; for a sample proportion, n would also be needed.",Partly,Multiple issues,Problematic because it requires formula recall,"The keyed number matches a single 0/1 outcome, but the stem says ""proportion distribution,"" which normally requires a sample size.",,Clarify whether the question is about one Bernoulli trial or about a sample proportion with a stated n.,Revise concept/substance
Item 17,C:\Users\ppavl\OneDrive\Active projects\mofacts_config\psyc-3020-001-research-and-statistics-ii-spring-term-2026-export_1775424119593_unzipped\psyc-3020-001-research-and-statistics-ii-spring-term-2026-export_stims.json :: setspec.clusters[16].stims[0],"A clinical trial is testing the effectiveness of a new drug. If the probability of the drug being effective is 0.8, and 100 trials are conducted, what is the standard deviation of the sample proportion of effective trials?",Choice pool (runtime order randomized): 0.04 || 0.4 || 0.08 || 0.1,0.04,Problematic but salvageable,Yes,0.04,Yes,Formula dependency,Problematic because it requires formula recall,"The keyed answer is correct, but the item is a straight plug-in of the sample-proportion standard-error formula.",,Provide the formula or convert the item to a conceptual question about how n affects the variability of p-hat.,Revise concept/substance
Item 18,C:\Users\ppavl\OneDrive\Active projects\mofacts_config\psyc-3020-001-research-and-statistics-ii-spring-term-2026-export_1775424119593_unzipped\psyc-3020-001-research-and-statistics-ii-spring-term-2026-export_stims.json :: setspec.clusters[17].stims[0],"In a memory recall experiment, participants are shown a list of words and then asked to recall them after a distraction task. The recall success rate is 0.65. If the experiment is conducted with 150 participants, which condition must be met to approximate the sampling distribution of the sample proportion with a normal distribution?",Choice pool (runtime order randomized): Both 150 * 0.65 and 150 * (1 - 0.65) must be greater than or equal to 10. || The total number of words recalled must be greater than 100. || The number of participants must be less than 30. || The number of participants recalling at least one word must be more than 10.,Both 150 * 0.65 and 150 * (1 - 0.65) must be greater than or equal to 10.,Correct,Yes,Both 150 * 0.65 and 150 * (1 - 0.65) must be greater than or equal to 10.,Yes,None,No formula needed,Keyed correctly and statistically sound as written.,,,Keep as is
Item 19,C:\Users\ppavl\OneDrive\Active projects\mofacts_config\psyc-3020-001-research-and-statistics-ii-spring-term-2026-export_1775424119593_unzipped\psyc-3020-001-research-and-statistics-ii-spring-term-2026-export_stims.json :: setspec.clusters[18].stims[0],"When considering the standard deviation of the sample proportion in a large sample, which of the following best explains why the denominator includes the square root of the sample size (n)?",Choice pool (runtime order randomized): To reflect the decreased variability of the proportion as the sample size increases. || To increase the standard deviation proportionally with the sample size. || To account for the increased variability in larger samples. || To align the standard deviation with the expected value of the sample proportion.,To reflect the decreased variability of the proportion as the sample size increases.,Correct,Yes,To reflect the decreased variability of the proportion as the sample size increases.,Yes,None,No formula needed,Keyed correctly and statistically sound as written.,,,Keep as is
Item 20,C:\Users\ppavl\OneDrive\Active projects\mofacts_config\psyc-3020-001-research-and-statistics-ii-spring-term-2026-export_1775424119593_unzipped\psyc-3020-001-research-and-statistics-ii-spring-term-2026-export_stims.json :: setspec.clusters[19].stims[0],"A study on the effects of sleep deprivation on mood disorders is being conducted. If a large sample is taken, and the proportion of the sample with a mood disorder after sleep deprivation is calculated, which theorem would justify the use of the normal distribution to model this proportion?",Choice pool (runtime order randomized): The Central Limit Theorem || The Theorem of Total Probability || The Poisson Theorem || The Law of Large Numbers,The Central Limit Theorem,Correct,Yes,The Central Limit Theorem,Yes,None,No formula needed,Keyed correctly and statistically sound as written.,,,Keep as is
Item 21,C:\Users\ppavl\OneDrive\Active projects\mofacts_config\psyc-3020-001-research-and-statistics-ii-spring-term-2026-export_1775424119593_unzipped\psyc-3020-001-research-and-statistics-ii-spring-term-2026-export_stims.json :: setspec.clusters[20].stims[0],"In a psychological study examining the effects of sleep on memory retention, a researcher collects a sample of 30 participants and measures the number of words they can recall from a list after 8 hours of sleep. The mean number of words recalled is 15 with a standard deviation of 4. What is the point estimate for the population mean number of words recalled after 8 hours of sleep?",Choice pool (runtime order randomized): 15 words || 8 hours || 4 words || 30 participants,15 words,Correct,Yes,15 words,Yes,None,No formula needed,Keyed correctly and statistically sound as written.,,,Keep as is
Item 22,C:\Users\ppavl\OneDrive\Active projects\mofacts_config\psyc-3020-001-research-and-statistics-ii-spring-term-2026-export_1775424119593_unzipped\psyc-3020-001-research-and-statistics-ii-spring-term-2026-export_stims.json :: setspec.clusters[21].stims[0],"A clinical psychologist wants to estimate the average number of therapy sessions needed for patients with moderate anxiety to show improvement. If the margin of error is set at 1 session, and the standard deviation is known to be 3 sessions, which sample size would provide a 95% confidence interval for the estimate?",Choice pool (runtime order randomized): 36 || 23 || 68 || 17,36,Ambiguous,Partly,"Using z* = 1.96 gives n = 34.57, so the minimum integer sample size is 35; 36 is the answer only under the rough z≈2 shortcut.",Partly,Multiple issues,Problematic because it requires formula recall,"The prompt asks for a 95% CI sample size but does not say to use the common z≈2 approximation, which is the only route to the keyed answer.","Include 35 as a choice, or remove 36 if the exact 1.96-based calculation is intended.","State whether to use z* = 1.96 exactly or the rough ""2 standard errors"" shortcut.",Revise concept/substance
Item 23,C:\Users\ppavl\OneDrive\Active projects\mofacts_config\psyc-3020-001-research-and-statistics-ii-spring-term-2026-export_1775424119593_unzipped\psyc-3020-001-research-and-statistics-ii-spring-term-2026-export_stims.json :: setspec.clusters[22].stims[0],"When considering the interval estimation for the mean number of depressive episodes in a given population, which of the following factors would not affect the width of the confidence interval?",Choice pool (runtime order randomized): The sample mean || The population standard deviation || The sample size || The confidence level,The sample mean,Correct,Yes,The sample mean,Yes,None,No formula needed,Keyed correctly and statistically sound as written.,,,Keep as is
Item 24,C:\Users\ppavl\OneDrive\Active projects\mofacts_config\psyc-3020-001-research-and-statistics-ii-spring-term-2026-export_1775424119593_unzipped\psyc-3020-001-research-and-statistics-ii-spring-term-2026-export_stims.json :: setspec.clusters[23].stims[0],"In a study on stress levels among college students, a 90% confidence interval for the mean stress score is calculated to be (45, 55). Which of the following interpretations is correct?","Choice pool (runtime order randomized): The sample mean stress score is 50, and the margin of error for estimating the population mean at the 90% confidence level is 5.;If we were to take many samples, 90% of them would have mean stress scores between 45 and 55. || 90% of the college students in the sample had stress scores between 45 and 55 || There is a 90% probability that the mean stress score for all college students is between 45 and 55","The sample mean stress score is 50, and the margin of error for estimating the population mean at the 90% confidence level is 5.;If we were to take many samples, 90% of them would have mean stress scores between 45 and 55.",Incorrect,No,"The interval is centered at the sample mean 50 with margin of error 5; repeated-sampling language should say that 90% of similarly constructed intervals would capture the population mean, not that 90% of sample means fall between 45 and 55.",Partly,Misinterpretation,No formula needed,The keyed response bundles one acceptable statement with one clearly false confidence-interval interpretation.,Split the keyed response into separate options and remove the false repeated-sampling statement.,Ask for the best interpretation of the interval as a confidence interval for the population mean.,Revise concept/substance
Item 25,C:\Users\ppavl\OneDrive\Active projects\mofacts_config\psyc-3020-001-research-and-statistics-ii-spring-term-2026-export_1775424119593_unzipped\psyc-3020-001-research-and-statistics-ii-spring-term-2026-export_stims.json :: setspec.clusters[24].stims[0],"A researcher is examining the effect of a new therapy on reducing symptoms of PTSD. They calculate a 99% confidence interval for the mean reduction in symptom score to be (5, 10). What can we say about the 95% confidence interval for the mean reduction in symptom score?",Choice pool (runtime order randomized): It will be narrower than the 99% confidence interval. || It will be the same as the 99% confidence interval || It will be wider than the 99% confidence interval || It cannot be determined without additional information,It will be narrower than the 99% confidence interval.,Correct,Yes,It will be narrower than the 99% confidence interval.,Yes,None,No formula needed,Keyed correctly and statistically sound as written.,,,Keep as is
Item 26,C:\Users\ppavl\OneDrive\Active projects\mofacts_config\psyc-3020-001-research-and-statistics-ii-spring-term-2026-export_1775424119593_unzipped\psyc-3020-001-research-and-statistics-ii-spring-term-2026-export_stims.json :: setspec.clusters[25].stims[0],"In a study assessing the impact of group therapy on social anxiety, the 95% confidence interval for the average improvement score is found to be entirely positive (e.g., 2.5 to 5.7). What does this suggest about the effectiveness of the therapy?",Choice pool (runtime order randomized): The therapy effectively improves social anxiety. || The therapy has no effect on social anxiety || The therapy increases social anxiety || The mean remains the same,The therapy effectively improves social anxiety.,Correct,Yes,The therapy effectively improves social anxiety.,Yes,None,No formula needed,Keyed correctly and statistically sound as written.,,,Keep as is
Item 27,C:\Users\ppavl\OneDrive\Active projects\mofacts_config\psyc-3020-001-research-and-statistics-ii-spring-term-2026-export_1775424119593_unzipped\psyc-3020-001-research-and-statistics-ii-spring-term-2026-export_stims.json :: setspec.clusters[26].stims[0],"A sample of 50 individuals is taken from a population of adults undergoing cognitive behavioral therapy (CBT) for insomnia. The sample mean is 6 hours of sleep, with a standard deviation of 1.5 hours. Which of the following would provide a more precise (narrower) 95% confidence interval for the population mean hours of sleep?",Choice pool (runtime order randomized): Increasing the sample size to 100 || Decreasing the confidence level to 90% || Increasing the sample standard deviation || Decreasing the sample size to 25,Increasing the sample size to 100,Correct,Yes,Increasing the sample size to 100,Yes,None,No formula needed,Keyed correctly and statistically sound as written.,,,Keep as is
Item 28,C:\Users\ppavl\OneDrive\Active projects\mofacts_config\psyc-3020-001-research-and-statistics-ii-spring-term-2026-export_1775424119593_unzipped\psyc-3020-001-research-and-statistics-ii-spring-term-2026-export_stims.json :: setspec.clusters[27].stims[0],"A psychologist uses a scale to measure the level of optimism among a group of participants. The scale has a known population standard deviation of 5. If the psychologist wants to estimate the population mean with a margin of error of ±2, what is the minimum sample size needed for a 95% confidence interval?",Choice pool (runtime order randomized): 25 || 12 || 96 || 61,25,Problematic but salvageable,Yes,25,Yes,Formula dependency,Problematic because it requires formula recall,"The keyed answer is correct, but the item is driven by memorizing the sample-size formula for a mean with known sigma.",,Provide the margin-of-error formula or rewrite the item conceptually.,Revise concept/substance
Item 29,C:\Users\ppavl\OneDrive\Active projects\mofacts_config\psyc-3020-001-research-and-statistics-ii-spring-term-2026-export_1775424119593_unzipped\psyc-3020-001-research-and-statistics-ii-spring-term-2026-export_stims.json :: setspec.clusters[28].stims[0],"In a survey of job satisfaction among remote workers, a 95% confidence interval for the proportion of satisfied employees is (0.65, 0.75). Which of the following statements is true?",Choice pool (runtime order randomized): We are 95% confident that between 65% and 75% of all remote workers are satisfied with their job. || 95% of the remote workers in the sample are satisfied with their job || The sample proportion of satisfied remote workers is 0.70 with a margin of error of 0.05 || Between 65% and 75% of the sample are satisfied with their job,We are 95% confident that between 65% and 75% of all remote workers are satisfied with their job.,Ambiguous,Yes,We are 95% confident that between 65% and 75% of all remote workers are satisfied with their job.,Yes,Ambiguity,No formula needed,"The keyed interpretation is fine, but the option stating p-hat = 0.70 with margin of error 0.05 is also true from the stated interval.",Replace the midpoint/margin-of-error option with a genuinely false distractor.,,Revise choices
Item 30,C:\Users\ppavl\OneDrive\Active projects\mofacts_config\psyc-3020-001-research-and-statistics-ii-spring-term-2026-export_1775424119593_unzipped\psyc-3020-001-research-and-statistics-ii-spring-term-2026-export_stims.json :: setspec.clusters[29].stims[0],"Given a study with 40 participants, where 80% of the participants experienced a significant improvement after an intervention, calculate the margin of error for the 95% confidence interval of the proportion of participants showing improvement. Use the approximation method for your calculation. What is the margin of error?",Choice pool (runtime order randomized): 0.124 || 0.10 || 0.15 || 0.20,0.124,Incorrect,No,"Using the usual approximation MOE ≈ 2*sqrt(0.8*0.2/40) gives about 0.126 (roughly 0.13), not 0.124.",No,Multiple issues,Problematic because it requires more computation than intended,"The keyed value comes from 1.96*SE, but the stem explicitly says to use the approximation method.",Replace 0.124 with 0.126 or 0.13.,"If the exact 1.96 method is intended, remove the phrase ""Use the approximation method.""",Revise concept/substance
Item 31,C:\Users\ppavl\OneDrive\Active projects\mofacts_config\psyc-3020-001-research-and-statistics-ii-spring-term-2026-export_1775424119593_unzipped\psyc-3020-001-research-and-statistics-ii-spring-term-2026-export_stims.json :: setspec.clusters[30].stims[0],A psychologist wants to test if a new therapy improves the well-being of clients more effectively than the standard therapy. The null hypothesis (H0) for this study would be:,Choice pool (runtime order randomized): The new therapy and the standard therapy have the same effect on well-being. || The standard therapy is less effective than no therapy at all. || The new therapy has a different effect on well-being compared to the standard therapy. || The new therapy improves well-being more than the standard therapy.,The new therapy and the standard therapy have the same effect on well-being.,Correct,Yes,The new therapy and the standard therapy have the same effect on well-being.,Yes,None,No formula needed,Keyed correctly and statistically sound as written.,,,Keep as is
Item 32,C:\Users\ppavl\OneDrive\Active projects\mofacts_config\psyc-3020-001-research-and-statistics-ii-spring-term-2026-export_1775424119593_unzipped\psyc-3020-001-research-and-statistics-ii-spring-term-2026-export_stims.json :: setspec.clusters[31].stims[0],"If a research study results in a p-value of 0.03, which of the following actions is appropriate based on a significance level (α) of 0.05?",Choice pool (runtime order randomized): We reject the null hypothesis. || We accept the null hypothesis as true. || We consider the p-value statistically insignificant. || We fail to reject the null hypothesis.,We reject the null hypothesis.,Correct,Yes,We reject the null hypothesis.,Yes,None,No formula needed,Keyed correctly and statistically sound as written.,,,Keep as is
Item 33,C:\Users\ppavl\OneDrive\Active projects\mofacts_config\psyc-3020-001-research-and-statistics-ii-spring-term-2026-export_1775424119593_unzipped\psyc-3020-001-research-and-statistics-ii-spring-term-2026-export_stims.json :: setspec.clusters[32].stims[0],"In a study examining the effects of sleep on memory recall, the alternative hypothesis (Ha) states that increased sleep improves memory recall. If a significance test yields a p-value of 0.08, which conclusion is most appropriate?",Choice pool (runtime order randomized): There is not enough evidence to conclude that increased sleep improves memory recall. || Increased sleep decreases memory recall. || There is conclusive evidence that increased sleep improves memory recall. || Increased sleep has no effect on memory recall.,There is not enough evidence to conclude that increased sleep improves memory recall.,Correct,Yes,There is not enough evidence to conclude that increased sleep improves memory recall.,Yes,None,No formula needed,Keyed correctly and statistically sound as written.,,,Keep as is
Item 34,C:\Users\ppavl\OneDrive\Active projects\mofacts_config\psyc-3020-001-research-and-statistics-ii-spring-term-2026-export_1775424119593_unzipped\psyc-3020-001-research-and-statistics-ii-spring-term-2026-export_stims.json :: setspec.clusters[33].stims[0],"A clinical trial is conducted to compare the average recovery time for two different flu medications. If the sample mean recovery time for Medication A is statistically significantly lower than Medication B, what can be inferred?",Choice pool (runtime order randomized): Medication A is associated with faster recovery than Medication B. || The patients did not receive any medication. || Medication B is more effective than Medication A. || The recovery times for both medications are the same.,Medication A is associated with faster recovery than Medication B.,Correct,Yes,Medication A is associated with faster recovery than Medication B.,Yes,None,No formula needed,Keyed correctly and statistically sound as written.,,,Keep as is
Item 35,C:\Users\ppavl\OneDrive\Active projects\mofacts_config\psyc-3020-001-research-and-statistics-ii-spring-term-2026-export_1775424119593_unzipped\psyc-3020-001-research-and-statistics-ii-spring-term-2026-export_stims.json :: setspec.clusters[34].stims[0],"A survey analyzes the relationship between stress levels and the number of hours spent on social media. If the researchers set α = .01 for their hypothesis test, which of the following p-values would lead them to reject the null hypothesis?",Choice pool (runtime order randomized): p-value = 0.005 || p-value = 0.02 || p-value = 0.15 || p-value = 0.10,p-value = 0.005,Correct,Yes,p-value = 0.005,Yes,None,No formula needed,Keyed correctly and statistically sound as written.,,,Keep as is
Item 36,C:\Users\ppavl\OneDrive\Active projects\mofacts_config\psyc-3020-001-research-and-statistics-ii-spring-term-2026-export_1775424119593_unzipped\psyc-3020-001-research-and-statistics-ii-spring-term-2026-export_stims.json :: setspec.clusters[35].stims[0],"When a study concludes that a new teaching method is more effective than the traditional one based on a p-value of 0.04, what is the risk associated with this conclusion?",Choice pool (runtime order randomized): The risk that the teaching methods are actually equally effective. || The risk of you missing the detection of the benefit of the method. || There is no risk since the p-value is less than 0.05. || The risk that the teaching methods are unethical.,The risk that the teaching methods are actually equally effective.,Correct,Yes,The risk that the teaching methods are actually equally effective.,Yes,None,No formula needed,Keyed correctly and statistically sound as written.,,,Keep as is
Item 37,C:\Users\ppavl\OneDrive\Active projects\mofacts_config\psyc-3020-001-research-and-statistics-ii-spring-term-2026-export_1775424119593_unzipped\psyc-3020-001-research-and-statistics-ii-spring-term-2026-export_stims.json :: setspec.clusters[36].stims[0],"In a psychological experiment, the effect of two different therapies on depression is compared. If the test statistic falls within the critical region, what decision should be made regarding the null hypothesis (H0)?",Choice pool (runtime order randomized): H0 should be rejected. || H0 should be accepted. || The therapies have the same effect. || Additional data should be collected before making a decision.,H0 should be rejected.,Correct,Yes,H0 should be rejected.,Yes,None,No formula needed,Keyed correctly and statistically sound as written.,,,Keep as is
Item 38,C:\Users\ppavl\OneDrive\Active projects\mofacts_config\psyc-3020-001-research-and-statistics-ii-spring-term-2026-export_1775424119593_unzipped\psyc-3020-001-research-and-statistics-ii-spring-term-2026-export_stims.json :: setspec.clusters[37].stims[0],"A study hypothesizes that a new drug lowers blood pressure more than an existing drug. After collecting the data which seems to favor the new drug, the test statistic is calculated, and the p-value is found to be 0.02. If the significance level is 0.05, which of the following statements is true?",Choice pool (runtime order randomized): The new drug is shown to lower blood pressure significantly more. || The effectiveness of the new drug is not statistically significant. || The data does not provide sufficient evidence to reject the null hypothesis. || The existing drug is more effective than the new drug.,The new drug is shown to lower blood pressure significantly more.,Correct,Yes,The new drug is shown to lower blood pressure significantly more.,Yes,None,No formula needed,Keyed correctly and statistically sound as written.,,,Keep as is
Item 39,C:\Users\ppavl\OneDrive\Active projects\mofacts_config\psyc-3020-001-research-and-statistics-ii-spring-term-2026-export_1775424119593_unzipped\psyc-3020-001-research-and-statistics-ii-spring-term-2026-export_stims.json :: setspec.clusters[38].stims[0],"A researcher claims that the average IQ of a population is not 100. They conduct a hypothesis test and obtain a sample mean IQ of 102 with a p-value of 0.06. If their α level is set at 0.05, what is the appropriate conclusion?",Choice pool (runtime order randomized): There is insufficient evidence to claim that the average IQ of the population is not 100. || The average IQ of the population is 102. || The average IQ of the population is significantly different from 100. || The average IQ of the population is exactly 100.,There is insufficient evidence to claim that the average IQ of the population is not 100.,Correct,Yes,There is insufficient evidence to claim that the average IQ of the population is not 100.,Yes,None,No formula needed,Keyed correctly and statistically sound as written.,,,Keep as is
Item 40,C:\Users\ppavl\OneDrive\Active projects\mofacts_config\psyc-3020-001-research-and-statistics-ii-spring-term-2026-export_1775424119593_unzipped\psyc-3020-001-research-and-statistics-ii-spring-term-2026-export_stims.json :: setspec.clusters[39].stims[0],"In a test of whether a new supplement affects concentration levels, a psychologist collects data from a sample and computes a test statistic. Assuming a good experimental procedure, What condition must be met for a result to be considered statistically significant?",Choice pool (runtime order randomized): p-value less than alpha || alpha less than .05 || p-value = alpha || p-value greater than alpha,p-value less than alpha,Correct,Yes,p-value less than alpha,Yes,None,No formula needed,Keyed correctly and statistically sound as written.,,,Keep as is
Item 41,C:\Users\ppavl\OneDrive\Active projects\mofacts_config\psyc-3020-001-research-and-statistics-ii-spring-term-2026-export_1775424119593_unzipped\psyc-3020-001-research-and-statistics-ii-spring-term-2026-export_stims.json :: setspec.clusters[40].stims[0],"A psychologist is conducting a study on stress levels in high school students. She hypothesizes that the average stress score on a standardized test is 50. To test this, she randomly samples 30 students and finds an average stress score of 53 with a standard deviation of 5. What is the z-score for this sample?",Choice pool (runtime order randomized): 3.3 || 0.6 || 1.6 || 1.8,3.3,Problematic but salvageable,Partly,"If 5 is a known population SD, z is about 3.29; as written, the stem gives a sample SD and would normally call for a t statistic instead.",Partly,Multiple issues,Problematic because it requires formula recall,"The numeric key matches a z calculation only if the reported SD is treated as known population sigma, which the stem does not say.",,"State that the population standard deviation is known to be 5, or rewrite as a one-sample t question.",Revise concept/substance
Item 42,C:\Users\ppavl\OneDrive\Active projects\mofacts_config\psyc-3020-001-research-and-statistics-ii-spring-term-2026-export_1775424119593_unzipped\psyc-3020-001-research-and-statistics-ii-spring-term-2026-export_stims.json :: setspec.clusters[41].stims[0],"In a study on social media usage, a researcher claims that less than 60% of teenagers use social media daily. A survey of 100 teenagers finds that 55 of them use social media daily. What is the z-score for p-hat if the population proportion is indeed 60%?",Choice pool (runtime order randomized): -1.02 || 1.02 || 0.51 || -.51,-1.02,Problematic but salvageable,Yes,-1.02,Yes,Formula dependency,Problematic because it requires formula recall,"The keyed answer is mathematically correct, but the item is a direct plug-in of the one-proportion z formula.",,Provide the z formula or convert the item to a conceptual question about how far p-hat is from p0.,Revise concept/substance
Item 43,C:\Users\ppavl\OneDrive\Active projects\mofacts_config\psyc-3020-001-research-and-statistics-ii-spring-term-2026-export_1775424119593_unzipped\psyc-3020-001-research-and-statistics-ii-spring-term-2026-export_stims.json :: setspec.clusters[42].stims[0],"When conducting a one-sample z-test for means, which of the following assumptions must be met?",Choice pool (runtime order randomized): The sample mean is expected to be normally distributed. || The sample size is less than 30 || The population standard deviation is unknown || The data is non-parametric.,The sample mean is expected to be normally distributed.,Correct,Yes,The sample mean is expected to be normally distributed.,Yes,None,No formula needed,Keyed correctly and statistically sound as written.,,,Keep as is
Item 44,C:\Users\ppavl\OneDrive\Active projects\mofacts_config\psyc-3020-001-research-and-statistics-ii-spring-term-2026-export_1775424119593_unzipped\psyc-3020-001-research-and-statistics-ii-spring-term-2026-export_stims.json :: setspec.clusters[43].stims[0],"A clinical psychologist wants to determine if a new therapy reduces anxiety levels more effectively than the national average. The national average anxiety score is 40. After applying the new therapy to 50 patients, she finds a sample mean anxiety score of 38 with a standard deviation of 8. What is the null hypothesis for this study?",Choice pool (runtime order randomized): The mean anxiety score after the new therapy is not different from 40. || The mean anxiety score after the new therapy is greater than 40 || The mean anxiety score after the new therapy is different from 40. || The mean anxiety score after the new therapy is less than 40,The mean anxiety score after the new therapy is not different from 40.,Correct,Yes,The mean anxiety score after the new therapy is not different from 40.,Yes,None,No formula needed,Keyed correctly and statistically sound as written.,,,Keep as is
Item 45,C:\Users\ppavl\OneDrive\Active projects\mofacts_config\psyc-3020-001-research-and-statistics-ii-spring-term-2026-export_1775424119593_unzipped\psyc-3020-001-research-and-statistics-ii-spring-term-2026-export_stims.json :: setspec.clusters[44].stims[0],"In a survey of 150 college students, 60% indicated that they feel overwhelmed by coursework. Which of the following is the correct expression for the standard error of the proportion in this case?",Choice pool (runtime order randomized): sqrt((0.6*0.4)/150) || sqrt((0.6)/150) || (0.6*0.4)/sqrt(150) || sqrt((0.4)/150),sqrt((0.6*0.4)/150),Problematic but salvageable,Yes,sqrt((0.6*0.4)/150),Yes,Formula dependency,Problematic because it requires formula recall,"The keyed expression is correct, but the item mainly tests formula memorization for the standard error of p-hat.",,Provide the formula or ask conceptually how p and n affect the standard error.,Revise concept/substance
Item 46,C:\Users\ppavl\OneDrive\Active projects\mofacts_config\psyc-3020-001-research-and-statistics-ii-spring-term-2026-export_1775424119593_unzipped\psyc-3020-001-research-and-statistics-ii-spring-term-2026-export_stims.json :: setspec.clusters[45].stims[0],Which of the following best describes the purpose of a z-test in statistics?,Choice pool (runtime order randomized): To compare the mean of a sample to a known population mean. || To calculate the correlation between two variables. || To test the effectiveness of a treatment in a clinical trial || To determine if there is a significant difference between two sample means.,To compare the mean of a sample to a known population mean.,Correct,Yes,To compare the mean of a sample to a known population mean.,Yes,None,No formula needed,Keyed correctly and statistically sound as written.,,,Keep as is
Item 47,C:\Users\ppavl\OneDrive\Active projects\mofacts_config\psyc-3020-001-research-and-statistics-ii-spring-term-2026-export_1775424119593_unzipped\psyc-3020-001-research-and-statistics-ii-spring-term-2026-export_stims.json :: setspec.clusters[46].stims[0],"A team of researchers studying sleep patterns claims that adults sleep an average of 7 hours a night. In a random sample of 40 adults, the mean sleep duration was found to be 6.5 hours with a standard deviation of 1.2 hours. Which of the following is an appropriate null hypothesis for a z-test in this context?",Choice pool (runtime order randomized): The population mean sleep duration is 7 hours. || The population mean sleep duration more than 7 hours on average || The population mean sleep duration less than 7 hours on average || Adults do not sleep 7 hours on average.,The population mean sleep duration is 7 hours.,Correct,Yes,The population mean sleep duration is 7 hours.,Yes,None,No formula needed,Keyed correctly and statistically sound as written.,,,Keep as is
Item 48,C:\Users\ppavl\OneDrive\Active projects\mofacts_config\psyc-3020-001-research-and-statistics-ii-spring-term-2026-export_1775424119593_unzipped\psyc-3020-001-research-and-statistics-ii-spring-term-2026-export_stims.json :: setspec.clusters[47].stims[0],"A study aims to determine if a new teaching method affects students’ test scores. The known national average score is 75. After implementing the new method in a class of 35 students, the average score is 78 with a standard deviation of 10. What is the next step after calculating the z-score?",Choice pool (runtime order randomized): Determine the p-value and compare it to the significance level. || Conduct a t-test to confirm the results. || Increase the sample size to improve accuracy || Calculate the confidence interval for the mean,Determine the p-value and compare it to the significance level.,Correct,Yes,Determine the p-value and compare it to the significance level.,Yes,None,No formula needed,Keyed correctly and statistically sound as written.,,,Keep as is
Item 49,C:\Users\ppavl\OneDrive\Active projects\mofacts_config\psyc-3020-001-research-and-statistics-ii-spring-term-2026-export_1775424119593_unzipped\psyc-3020-001-research-and-statistics-ii-spring-term-2026-export_stims.json :: setspec.clusters[48].stims[0],"In a psychological study on memory retention, a researcher hypothesizes that a new mnemonic technique improves memory recall compared to the average recall rate of 70%. A sample of 200 participants showed a recall rate of 74%. Assuming the standard deviation is 12%, what is the most appropriate alternative hypothesis for a z-test?",Choice pool (runtime order randomized): The recall rate with the new technique is more than 70%. || The recall rate with the new technique is less than 70% || The recall rate with the new technique is exactly 70%. || The recall rate with the new technique is not 70%,The recall rate with the new technique is more than 70%.,Correct,Yes,The recall rate with the new technique is more than 70%.,Yes,None,No formula needed,Keyed correctly and statistically sound as written.,,,Keep as is
Item 50,C:\Users\ppavl\OneDrive\Active projects\mofacts_config\psyc-3020-001-research-and-statistics-ii-spring-term-2026-export_1775424119593_unzipped\psyc-3020-001-research-and-statistics-ii-spring-term-2026-export_stims.json :: setspec.clusters[49].stims[0],"A therapist is investigating whether a new counseling approach changes the level of optimism among clients. The national average optimism score is 50. After counseling 100 clients, the therapist records an average optimism score of 52 with a standard deviation of 6. Which option correctly represents the calculation of the z-score for this average?",Choice pool (runtime order randomized): (52 - 50)/sqrt(6^2/100) || (52 - 50)/6 || (50 - 52)/sqrt(6^2/100) || (52 - 50)/6,(52 - 50)/sqrt(6^2/100),Problematic but salvageable,Partly,"If 6 is a known population SD, the keyed expression is the right z setup; otherwise the item should be framed as a t statistic, and one distractor is duplicated.",Yes,Multiple issues,Problematic because it requires formula recall,"The stem does not say sigma is known, yet it asks for a z-score and includes a duplicated distractor.",Replace the duplicated distractor with a genuinely different incorrect setup.,"Say the population SD is known, or relabel the statistic as t.",Revise concept/substance
Item 51,C:\Users\ppavl\OneDrive\Active projects\mofacts_config\psyc-3020-001-research-and-statistics-ii-spring-term-2026-export_1775424119593_unzipped\psyc-3020-001-research-and-statistics-ii-spring-term-2026-export_stims.json :: setspec.clusters[50].stims[0],A researcher is studying the mean anxiety level of a group against a known population mean. What is the primary purpose of using a t-test in this scenario?,Choice pool (runtime order randomized): To determine if there is a significant difference between the group’s mean anxiety level and the population mean. || To compare the variances within the group. || To calculate the correlation between two variables. || To establish a cause-and-effect relationship within the group.,To determine if there is a significant difference between the group’s mean anxiety level and the population mean.,Correct,Yes,To determine if there is a significant difference between the group’s mean anxiety level and the population mean.,Yes,None,No formula needed,Keyed correctly and statistically sound as written.,,,Keep as is
Item 52,C:\Users\ppavl\OneDrive\Active projects\mofacts_config\psyc-3020-001-research-and-statistics-ii-spring-term-2026-export_1775424119593_unzipped\psyc-3020-001-research-and-statistics-ii-spring-term-2026-export_stims.json :: setspec.clusters[51].stims[0],"When discussing degrees of freedom in the context of a t-test, what does this concept primarily represent?",Choice pool (runtime order randomized): The number of independent values or observations that can vary in the analysis. || The number of categories in the t-test. || The total number of participants in the study. || The maximum value of the t-distribution.,The number of independent values or observations that can vary in the analysis.,Correct,Yes,The number of independent values or observations that can vary in the analysis.,Yes,None,No formula needed,Keyed correctly and statistically sound as written.,,,Keep as is
Item 53,C:\Users\ppavl\OneDrive\Active projects\mofacts_config\psyc-3020-001-research-and-statistics-ii-spring-term-2026-export_1775424119593_unzipped\psyc-3020-001-research-and-statistics-ii-spring-term-2026-export_stims.json :: setspec.clusters[52].stims[0],"In a psychological study, a one-sample t-test is used when:",Choice pool (runtime order randomized): Comparing a group’s mean to a population mean. || There are more than two variables involved in the study. || Two different groups are being compared. || The sample size is below 30.,Comparing a group’s mean to a population mean.,Correct,Yes,Comparing a group’s mean to a population mean.,Yes,None,No formula needed,Keyed correctly and statistically sound as written.,,,Keep as is
Item 54,C:\Users\ppavl\OneDrive\Active projects\mofacts_config\psyc-3020-001-research-and-statistics-ii-spring-term-2026-export_1775424119593_unzipped\psyc-3020-001-research-and-statistics-ii-spring-term-2026-export_stims.json :: setspec.clusters[53].stims[0],"If a p-value obtained is 0.03 in a study comparing a group’s mean to a known value, what can be concluded?","Choice pool (runtime order randomized): Assuming the null hypothesis is true, there is a 3% chance of observing a result this extreme or more extreme. || The therapies are 97% effective. || The therapies have the same effectiveness. || The result is not statistically significant.","Assuming the null hypothesis is true, there is a 3% chance of observing a result this extreme or more extreme.",Correct,Yes,"Assuming the null hypothesis is true, there is a 3% chance of observing a result this extreme or more extreme.",Yes,None,No formula needed,Keyed correctly and statistically sound as written.,,,Keep as is
Item 55,C:\Users\ppavl\OneDrive\Active projects\mofacts_config\psyc-3020-001-research-and-statistics-ii-spring-term-2026-export_1775424119593_unzipped\psyc-3020-001-research-and-statistics-ii-spring-term-2026-export_stims.json :: setspec.clusters[54].stims[0],"In a study involving a t-test with 20 participants, what is the degrees of freedom for this one-sample t-test?",Choice pool (runtime order randomized): 19 || 10 || 18 || 20,19,Correct,Yes,19,Yes,None,No formula needed,Keyed correctly and statistically sound as written.,,,Keep as is
Item 56,C:\Users\ppavl\OneDrive\Active projects\mofacts_config\psyc-3020-001-research-and-statistics-ii-spring-term-2026-export_1775424119593_unzipped\psyc-3020-001-research-and-statistics-ii-spring-term-2026-export_stims.json :: setspec.clusters[55].stims[0],"In a t-distribution, the tails of the distribution represent what aspect of a dataset?",Choice pool (runtime order randomized): The probability of extreme values or outliers. || The most frequent values. || The mean and median. || The standard deviation.,The probability of extreme values or outliers.,Correct,Yes,The probability of extreme values or outliers.,Yes,None,No formula needed,Keyed correctly and statistically sound as written.,,,Keep as is
Item 57,C:\Users\ppavl\OneDrive\Active projects\mofacts_config\psyc-3020-001-research-and-statistics-ii-spring-term-2026-export_1775424119593_unzipped\psyc-3020-001-research-and-statistics-ii-spring-term-2026-export_stims.json :: setspec.clusters[56].stims[0],"When conducting a t-test to compare a sample mean against a population mean, which assumption must be met? Which of the following is one assumption required for a one-sample t-test?",Choice pool (runtime order randomized): The sample observations must be independent. || The sample size must be over 100. || The data must be collected from independent samples. || The variance between groups must be large.,The sample observations must be independent.,Correct,Yes,The sample observations must be independent.,Yes,None,No formula needed,Keyed correctly and statistically sound as written.,,,Keep as is
Item 58,C:\Users\ppavl\OneDrive\Active projects\mofacts_config\psyc-3020-001-research-and-statistics-ii-spring-term-2026-export_1775424119593_unzipped\psyc-3020-001-research-and-statistics-ii-spring-term-2026-export_stims.json :: setspec.clusters[57].stims[0],"If a t-test yields a t-value of 6 with a degrees of freedom of 30, this result typically indicates:","Choice pool (runtime order randomized): The null hypothesis can be rejected, suggesting a significant difference from the population mean. || The means of the sample and the population are identical. || The effect size is small. || A strong correlation between the variable and a known population parameter.","The null hypothesis can be rejected, suggesting a significant difference from the population mean.",Correct,Yes,"The null hypothesis can be rejected, suggesting a significant difference from the population mean.",Yes,None,No formula needed,Keyed correctly and statistically sound as written.,,,Keep as is
Item 59,C:\Users\ppavl\OneDrive\Active projects\mofacts_config\psyc-3020-001-research-and-statistics-ii-spring-term-2026-export_1775424119593_unzipped\psyc-3020-001-research-and-statistics-ii-spring-term-2026-export_stims.json :: setspec.clusters[58].stims[0],Why is a sample size of at least 30 often recommended for the one-sample t-test when the population distribution is not known to be normal?,"Choice pool (runtime order randomized): To approximate normality of the sampling distribution via the Central Limit Theorem, facilitating the test’s applicability. || To comply with the Regression Toward the Mean principle, minimizing the impact of outliers on the sample mean. || To meet the prerequisites of the T-Distribution theory, which stipulates a minimum sample size for validity. || To align with the Law of Large Numbers, ensuring the sample mean’s convergence to the population mean.","To approximate normality of the sampling distribution via the Central Limit Theorem, facilitating the test’s applicability.",Correct,Yes,"To approximate normality of the sampling distribution via the Central Limit Theorem, facilitating the test’s applicability.",Yes,None,No formula needed,Keyed correctly and statistically sound as written.,,,Keep as is
Item 60,C:\Users\ppavl\OneDrive\Active projects\mofacts_config\psyc-3020-001-research-and-statistics-ii-spring-term-2026-export_1775424119593_unzipped\psyc-3020-001-research-and-statistics-ii-spring-term-2026-export_stims.json :: setspec.clusters[59].stims[0],A t-test comparing a group’s characteristic to a known population value yields a p-value of 0.05. This indicates that:,Choice pool (runtime order randomized): The difference in stress levels is significant at the 5% significance level. || The sample size was too small to detect a difference. || The result is not statistically significant. || There is no difference in stress levels between the two groups.,The difference in stress levels is significant at the 5% significance level.,Correct,Yes,The difference in stress levels is significant at the 5% significance level.,Yes,None,No formula needed,Keyed correctly and statistically sound as written.,,,Keep as is
Item 61,C:\Users\ppavl\OneDrive\Active projects\mofacts_config\psyc-3020-001-research-and-statistics-ii-spring-term-2026-export_1775424119593_unzipped\psyc-3020-001-research-and-statistics-ii-spring-term-2026-export_stims.json :: setspec.clusters[60].stims[0],"A psychologist is testing a new therapy for reducing stress. They conclude the therapy is effective, but in reality, it’s not. This is an example of a:",Choice pool (runtime order randomized): Type 1 Error || Sampling Error || Measurement Error || Type 2 Error,Type 1 Error,Correct,Yes,Type 1 Error,Yes,None,No formula needed,Keyed correctly and statistically sound as written.,,,Keep as is
Item 62,C:\Users\ppavl\OneDrive\Active projects\mofacts_config\psyc-3020-001-research-and-statistics-ii-spring-term-2026-export_1775424119593_unzipped\psyc-3020-001-research-and-statistics-ii-spring-term-2026-export_stims.json :: setspec.clusters[61].stims[0],"In a study on sleep patterns, the null hypothesis states there is no difference in sleep quality between those who exercise and those who don’t. The researcher fails to reject the null hypothesis, although in reality, exercise does improve sleep quality. This scenario illustrates a:",Choice pool (runtime order randomized): Type 2 Error || Type 1 Error || Sampling Error || Confounding Variable,Type 2 Error,Correct,Yes,Type 2 Error,Yes,None,No formula needed,Keyed correctly and statistically sound as written.,,,Keep as is
Item 63,C:\Users\ppavl\OneDrive\Active projects\mofacts_config\psyc-3020-001-research-and-statistics-ii-spring-term-2026-export_1775424119593_unzipped\psyc-3020-001-research-and-statistics-ii-spring-term-2026-export_stims.json :: setspec.clusters[62].stims[0],A clinical trial is conducted to test the effectiveness of a new antidepressant. The significance level (alpha) is set at 0.05. This alpha level indicates the probability of:,Choice pool (runtime order randomized): Rejecting a true null hypothesis || Accepting a false null hypothesis || Making a Type 2 Error || None of the above,Rejecting a true null hypothesis,Correct,Yes,Rejecting a true null hypothesis,Yes,None,No formula needed,Keyed correctly and statistically sound as written.,,,Keep as is
Item 64,C:\Users\ppavl\OneDrive\Active projects\mofacts_config\psyc-3020-001-research-and-statistics-ii-spring-term-2026-export_1775424119593_unzipped\psyc-3020-001-research-and-statistics-ii-spring-term-2026-export_stims.json :: setspec.clusters[63].stims[0],"A researcher hypothesizes that a new teaching method improves students’ test scores. After conducting the study, the p-value is found to be 0.03. If the significance level was set at 0.05, what is the appropriate conclusion?",Choice pool (runtime order randomized): Reject the null hypothesis there is evidence of an effect. || Accept the null hypothesis there is no effect. || Fail to reject the null hypothesis there is insufficient evidence of an effect. || Conduct more tests the results are inconclusive.,Reject the null hypothesis there is evidence of an effect.,Correct,Yes,Reject the null hypothesis there is evidence of an effect.,Yes,None,No formula needed,Keyed correctly and statistically sound as written.,,,Keep as is
Item 65,C:\Users\ppavl\OneDrive\Active projects\mofacts_config\psyc-3020-001-research-and-statistics-ii-spring-term-2026-export_1775424119593_unzipped\psyc-3020-001-research-and-statistics-ii-spring-term-2026-export_stims.json :: setspec.clusters[64].stims[0],"If a psychologist increases the sample size in a study comparing two therapies, what is the likely impact on Type 2 Error?",Choice pool (runtime order randomized): Decreases || Increases || Becomes a Type 1 Error || Remains the same,Decreases,Correct,Yes,Decreases,Yes,None,No formula needed,Keyed correctly and statistically sound as written.,,,Keep as is
Item 66,C:\Users\ppavl\OneDrive\Active projects\mofacts_config\psyc-3020-001-research-and-statistics-ii-spring-term-2026-export_1775424119593_unzipped\psyc-3020-001-research-and-statistics-ii-spring-term-2026-export_stims.json :: setspec.clusters[65].stims[0],Consider a study testing the effect of a new drug on reducing anxiety. Which of the following represents a Type 1 Error?,Choice pool (runtime order randomized): Concluding the drug works when it actually does not || Concluding the drug does not work when it actually does || Overestimating the drug’s effectiveness due to biased sampling || Underestimating the drug’s effectiveness due to a small sample size,Concluding the drug works when it actually does not,Correct,Yes,Concluding the drug works when it actually does not,Yes,None,No formula needed,Keyed correctly and statistically sound as written.,,,Keep as is
Item 67,C:\Users\ppavl\OneDrive\Active projects\mofacts_config\psyc-3020-001-research-and-statistics-ii-spring-term-2026-export_1775424119593_unzipped\psyc-3020-001-research-and-statistics-ii-spring-term-2026-export_stims.json :: setspec.clusters[66].stims[0],A study finds that a new therapy significantly reduces symptoms of depression. Later studies fail to replicate this finding. The original study most likely made a:,Choice pool (runtime order randomized): Type 1 Error || Measurement Error || Type 2 Error || Sampling Bias,Type 1 Error,Ambiguous,Partly,A failed replication alone does not prove the original study made a Type I error; that is only one possible explanation.,No,Insufficient information,No formula needed,"Replication failure could reflect low power, design differences, measurement changes, or a false positive; the stem does not justify a single statistical diagnosis.","Add an option such as ""cannot be determined from the failed replication alone.""","If you want Type I error as the answer, state that later evidence strongly supports no true effect.",Revise concept/substance
Item 68,C:\Users\ppavl\OneDrive\Active projects\mofacts_config\psyc-3020-001-research-and-statistics-ii-spring-term-2026-export_1775424119593_unzipped\psyc-3020-001-research-and-statistics-ii-spring-term-2026-export_stims.json :: setspec.clusters[67].stims[0],"In a psychological study, the power of the test is increased. This change primarily reduces the risk of:",Choice pool (runtime order randomized): Type 2 Error || Type 1 Error || Biased Sampling || Confounding Variables,Type 2 Error,Correct,Yes,Type 2 Error,Yes,None,No formula needed,Keyed correctly and statistically sound as written.,,,Keep as is
Item 69,C:\Users\ppavl\OneDrive\Active projects\mofacts_config\psyc-3020-001-research-and-statistics-ii-spring-term-2026-export_1775424119593_unzipped\psyc-3020-001-research-and-statistics-ii-spring-term-2026-export_stims.json :: setspec.clusters[68].stims[0],"A study shows that there is a significant correlation between social media use and depression. If this is a false positive result, it would be an example of a:",Choice pool (runtime order randomized): Type 1 Error || Type 2 Error || Correlational Fallacy || Sampling Error,Type 1 Error,Correct,Yes,Type 1 Error,Yes,None,No formula needed,Keyed correctly and statistically sound as written.,,,Keep as is
Item 70,C:\Users\ppavl\OneDrive\Active projects\mofacts_config\psyc-3020-001-research-and-statistics-ii-spring-term-2026-export_1775424119593_unzipped\psyc-3020-001-research-and-statistics-ii-spring-term-2026-export_stims.json :: setspec.clusters[69].stims[0],"When a statistical test correctly identifies that a new medication does not have a significant effect on reducing anxiety, this indicates:",Choice pool (runtime order randomized): The test avoided a Type 1 Error || The test made a Type 2 Error || The test avoided a Type 2 Error || The test made a Type 1 Error,The test avoided a Type 1 Error,Correct,Yes,The test avoided a Type 1 Error,Yes,None,No formula needed,Keyed correctly and statistically sound as written.,,,Keep as is
Item 71,C:\Users\ppavl\OneDrive\Active projects\mofacts_config\psyc-3020-001-research-and-statistics-ii-spring-term-2026-export_1775424119593_unzipped\psyc-3020-001-research-and-statistics-ii-spring-term-2026-export_stims.json :: setspec.clusters[70].stims[0],"In a psychological study comparing the effect of two types of therapy on stress levels, what would be an appropriate null hypothesis for a t-test?",Choice pool (runtime order randomized): The two therapies have the same effect on stress levels. || The two therapies have different effects on stress levels. || The first therapy is more effective than the second. || The second therapy is more effective than the first.,The two therapies have the same effect on stress levels.,Correct,Yes,The two therapies have the same effect on stress levels.,Yes,None,No formula needed,Keyed correctly and statistically sound as written.,,,Keep as is
Item 72,C:\Users\ppavl\OneDrive\Active projects\mofacts_config\psyc-3020-001-research-and-statistics-ii-spring-term-2026-export_1775424119593_unzipped\psyc-3020-001-research-and-statistics-ii-spring-term-2026-export_stims.json :: setspec.clusters[71].stims[0],A researcher conducts a t-test and reports a t-statistic of 2.5 with a significance level (p-value) of 0.02. How should this result be interpreted?,Choice pool (runtime order randomized): The difference between the groups is statistically significant. || The result is inconclusive. || There is no significant difference between the groups. || The t-statistic is too low to determine significance.,The difference between the groups is statistically significant.,Correct,Yes,The difference between the groups is statistically significant.,Yes,None,No formula needed,Keyed correctly and statistically sound as written.,,,Keep as is
Item 73,C:\Users\ppavl\OneDrive\Active projects\mofacts_config\psyc-3020-001-research-and-statistics-ii-spring-term-2026-export_1775424119593_unzipped\psyc-3020-001-research-and-statistics-ii-spring-term-2026-export_stims.json :: setspec.clusters[72].stims[0],"In a study measuring the effectiveness of a new teaching method on student performance, the t-test results in a negative t-value. What does this indicate?",Choice pool (runtime order randomized): The control group performed better than the experimental group. || The teaching method has no effect. || The experimental group performed better than the control group. || The result is statistically insignificant.,The control group performed better than the experimental group.,Ambiguous,No,"A negative t-value only shows the direction of subtraction/coding; without knowing which group mean was subtracted from which, you cannot say which group performed better.",No,Ambiguity,No formula needed,"The sign of t depends on how the difference was defined, so the keyed directional interpretation is unsupported.",Add a choice that says the sign only indicates direction relative to the coding/order of subtraction.,Specify the test statistic as (experimental - control)/SE or (control - experimental)/SE.,Revise concept/substance
Item 74,C:\Users\ppavl\OneDrive\Active projects\mofacts_config\psyc-3020-001-research-and-statistics-ii-spring-term-2026-export_1775424119593_unzipped\psyc-3020-001-research-and-statistics-ii-spring-term-2026-export_stims.json :: setspec.clusters[73].stims[0],What does a large effect size in a t-test indicate in a psychological study?,Choice pool (runtime order randomized): A strong association between the variables. || A weak association between the variables. || A high probability of Type I error. || A high probability of Type II error.,A strong association between the variables.,Correct,Yes,A strong association between the variables.,Yes,None,No formula needed,Keyed correctly and statistically sound as written.,,,Keep as is
Item 75,C:\Users\ppavl\OneDrive\Active projects\mofacts_config\psyc-3020-001-research-and-statistics-ii-spring-term-2026-export_1775424119593_unzipped\psyc-3020-001-research-and-statistics-ii-spring-term-2026-export_stims.json :: setspec.clusters[74].stims[0],"When comparing the mean scores of two groups, if the 95% confidence interval for the difference between the means includes zero, what does this imply?",Choice pool (runtime order randomized): The difference is not statistically significant. || The variance within each group is high. || The sample size is too small. || There is a significant difference between the groups.,The difference is not statistically significant.,Correct,Yes,The difference is not statistically significant.,Yes,None,No formula needed,Keyed correctly and statistically sound as written.,,,Keep as is
Item 76,C:\Users\ppavl\OneDrive\Active projects\mofacts_config\psyc-3020-001-research-and-statistics-ii-spring-term-2026-export_1775424119593_unzipped\psyc-3020-001-research-and-statistics-ii-spring-term-2026-export_stims.json :: setspec.clusters[75].stims[0],"In a study examining the impact of two different diets on weight loss, what type of t-test is most appropriate?",Choice pool (runtime order randomized): Independent-samples t-test. || Chi-square test. || One-sample t-test. || Paired-samples t-test.,Independent-samples t-test.,Correct,Yes,Independent-samples t-test.,Yes,None,No formula needed,Keyed correctly and statistically sound as written.,,,Keep as is
Item 77,C:\Users\ppavl\OneDrive\Active projects\mofacts_config\psyc-3020-001-research-and-statistics-ii-spring-term-2026-export_1775424119593_unzipped\psyc-3020-001-research-and-statistics-ii-spring-term-2026-export_stims.json :: setspec.clusters[76].stims[0],"A t-test yields a p-value of 0.06. If the significance level was set at 0.05, how should these results be interpreted?",Choice pool (runtime order randomized): The results are not statistically significant. || The results are statistically significant. || The sample size is insufficient. || The test was inappropriate for the data.,The results are not statistically significant.,Correct,Yes,The results are not statistically significant.,Yes,None,No formula needed,Keyed correctly and statistically sound as written.,,,Keep as is
Item 78,C:\Users\ppavl\OneDrive\Active projects\mofacts_config\psyc-3020-001-research-and-statistics-ii-spring-term-2026-export_1775424119593_unzipped\psyc-3020-001-research-and-statistics-ii-spring-term-2026-export_stims.json :: setspec.clusters[77].stims[0],"In a psychological experiment, the calculated Cohen’s d is 0.2. This indicates:",Choice pool (runtime order randomized): A small effect size. || The result is statistically insignificant. || A medium effect size. || A large effect size.,A small effect size.,Correct,Yes,A small effect size.,Yes,None,No formula needed,Keyed correctly and statistically sound as written.,,,Keep as is
Item 79,C:\Users\ppavl\OneDrive\Active projects\mofacts_config\psyc-3020-001-research-and-statistics-ii-spring-term-2026-export_1775424119593_unzipped\psyc-3020-001-research-and-statistics-ii-spring-term-2026-export_stims.json :: setspec.clusters[78].stims[0],"If a one-tailed t-test is conducted when a two-tailed test was appropriate, what is a potential consequence?",Choice pool (runtime order randomized): Increased risk of Type I error. || Inflated effect size. || Decreased risk of Type II error. || Missing effects that occur in the unexpected direction.,Increased risk of Type I error.,Ambiguous,Partly,"Using a one-tailed test when a two-tailed test is appropriate can miss effects in the unexpected direction; if the one-tailed choice is made opportunistically, it can also inflate Type I error.",Partly,Ambiguity,No formula needed,"One distractor (missing effects in the unexpected direction) is also a defensible consequence, so the keyed answer is not uniquely best.",Replace the distractor about unexpected-direction effects or explicitly ask about the error-rate consequence of choosing one-tailed post hoc.,Clarify whether the one-tailed choice was made before seeing the data or after seeing the effect direction.,Revise choices
Item 80,C:\Users\ppavl\OneDrive\Active projects\mofacts_config\psyc-3020-001-research-and-statistics-ii-spring-term-2026-export_1775424119593_unzipped\psyc-3020-001-research-and-statistics-ii-spring-term-2026-export_stims.json :: setspec.clusters[79].stims[0],"In a study to compare the reaction times of professional gamers versus non-gamers, the mean reaction time for gamers was 200 ms with a standard deviation of 20 ms, and for non-gamers, it was 220 ms with a standard deviation of 25 ms. If the sample size for both groups was 30, what is the approximate value of the t-statistic?",Choice pool (runtime order randomized): -3.42 || 2.45 || -5.10 || 4.00,-3.42,Problematic but salvageable,Yes,-3.42,Yes,Formula dependency,Problematic because it requires more computation than intended,"The keyed answer is numerically correct, but the item requires recalling and executing the independent-samples t formula, which goes beyond the requested low-computation style.",,Provide the test-statistic setup or convert the item into a conceptual comparison question.,Revise concept/substance
Item 81,C:\Users\ppavl\OneDrive\Active projects\mofacts_config\psyc-3020-001-research-and-statistics-ii-spring-term-2026-export_1775424119593_unzipped\psyc-3020-001-research-and-statistics-ii-spring-term-2026-export_stims.json :: setspec.clusters[80].stims[0],"In a matched pairs test, why are participants paired?",Choice pool (runtime order randomized): To control for variability between subjects by matching on specific variables. || To randomly assign treatments to different groups. || To ensure that the test results are statistically significant. || To increase the sample size.,To control for variability between subjects by matching on specific variables.,Correct,Yes,To control for variability between subjects by matching on specific variables.,Yes,None,No formula needed,Keyed correctly and statistically sound as written.,,,Keep as is
Item 82,C:\Users\ppavl\OneDrive\Active projects\mofacts_config\psyc-3020-001-research-and-statistics-ii-spring-term-2026-export_1775424119593_unzipped\psyc-3020-001-research-and-statistics-ii-spring-term-2026-export_stims.json :: setspec.clusters[81].stims[0],Dr. Smith conducts a matched pairs test to evaluate the effectiveness of a new therapy for anxiety. She measures anxiety levels of patients before and after the therapy. What is the alternative hypothesis in this test?,Choice pool (runtime order randomized): The therapy will cause a significant decrease in anxiety levels. || There will be no difference in anxiety levels before and after therapy. || Anxiety levels will vary randomly before and after therapy. || The therapy will cause a significant increase in anxiety levels.,The therapy will cause a significant decrease in anxiety levels.,Ambiguous,Partly,"If the study pre-specifies a directional claim, a decrease is a valid alternative; otherwise the default matched-pairs alternative is that the mean difference is not zero.",Partly,Ambiguity,No formula needed,"The stem does not say whether the test is one-sided or two-sided, so the directional alternative is not fully justified.",,"State explicitly that the researcher is conducting a one-tailed test for decreased anxiety, or else use a non-directional alternative.",Revise wording
Item 83,C:\Users\ppavl\OneDrive\Active projects\mofacts_config\psyc-3020-001-research-and-statistics-ii-spring-term-2026-export_1775424119593_unzipped\psyc-3020-001-research-and-statistics-ii-spring-term-2026-export_stims.json :: setspec.clusters[82].stims[0],Which of the following is a necessary condition for conducting a matched pairs t-test?,Choice pool (runtime order randomized): The differences within pairs should be approximately normally distributed. || The data should follow a bimodal distribution. || There should be at least two independent samples. || All participants must be over 18 years of age.,The differences within pairs should be approximately normally distributed.,Correct,Yes,The differences within pairs should be approximately normally distributed.,Yes,None,No formula needed,Keyed correctly and statistically sound as written.,,,Keep as is
Item 84,C:\Users\ppavl\OneDrive\Active projects\mofacts_config\psyc-3020-001-research-and-statistics-ii-spring-term-2026-export_1775424119593_unzipped\psyc-3020-001-research-and-statistics-ii-spring-term-2026-export_stims.json :: setspec.clusters[83].stims[0],A psychologist uses a matched pairs design to compare the effects of two different counseling techniques. How should she assign the techniques to the subjects?,Choice pool (runtime order randomized): Assign both techniques to all subjects in a random order. || Assign techniques based on the personal preference of the subjects. || Assign one technique to male subjects and the other to female subjects. || Assign one technique to one group and the other technique to another group.,Assign both techniques to all subjects in a random order.,Correct,Yes,Assign both techniques to all subjects in a random order.,Yes,None,No formula needed,Keyed correctly and statistically sound as written.,,,Keep as is
Item 85,C:\Users\ppavl\OneDrive\Active projects\mofacts_config\psyc-3020-001-research-and-statistics-ii-spring-term-2026-export_1775424119593_unzipped\psyc-3020-001-research-and-statistics-ii-spring-term-2026-export_stims.json :: setspec.clusters[84].stims[0],"In a matched pairs design, if the p-value is less than the alpha level (e.g., 0.05), what does it suggest?",Choice pool (runtime order randomized): There is a significant difference in the means of the two paired groups. || The null hypothesis is definitely true. || The sample size is too small to draw any conclusions. || There is no significant difference between the two groups.,There is a significant difference in the means of the two paired groups.,Correct,Yes,There is a significant difference in the means of the two paired groups.,Yes,None,No formula needed,Keyed correctly and statistically sound as written.,,,Keep as is
Item 86,C:\Users\ppavl\OneDrive\Active projects\mofacts_config\psyc-3020-001-research-and-statistics-ii-spring-term-2026-export_1775424119593_unzipped\psyc-3020-001-research-and-statistics-ii-spring-term-2026-export_stims.json :: setspec.clusters[85].stims[0],What is the null hypothesis in a matched pairs test?,Choice pool (runtime order randomized): The mean difference between the paired observations is equal to zero || The means of the two populations from which the samples are drawn are equal || The correlation between the paired observations is equal to zero || The variance of the differences between the paired observations is equal to zero,The mean difference between the paired observations is equal to zero,Correct,Yes,The mean difference between the paired observations is equal to zero,Yes,None,No formula needed,Keyed correctly and statistically sound as written.,,,Keep as is
Item 87,C:\Users\ppavl\OneDrive\Active projects\mofacts_config\psyc-3020-001-research-and-statistics-ii-spring-term-2026-export_1775424119593_unzipped\psyc-3020-001-research-and-statistics-ii-spring-term-2026-export_stims.json :: setspec.clusters[86].stims[0],"A study uses a matched pairs design to test the effect of sleep on memory. The mean difference in test scores (post-sleep minus pre-sleep) is 5 with a standard deviation of 2. If the sample size is 25, what is the t-statistic for this study?",Choice pool (runtime order randomized): 12.5 || 6.25 || 7.81 || 3.54,12.5,Problematic but salvageable,Yes,12.5,Yes,Formula dependency,Problematic because it requires formula recall,"The keyed answer is correct, but the item is a direct computation of the matched-pairs t statistic.",,Provide the test-statistic formula or ask for a conceptual interpretation instead.,Revise concept/substance
Item 88,C:\Users\ppavl\OneDrive\Active projects\mofacts_config\psyc-3020-001-research-and-statistics-ii-spring-term-2026-export_1775424119593_unzipped\psyc-3020-001-research-and-statistics-ii-spring-term-2026-export_stims.json :: setspec.clusters[87].stims[0],Which of the following scenarios is most suitable for a matched pairs t-test?,Choice pool (runtime order randomized): Assessing the impact of a training program by comparing scores before and after the program on the same individuals. || Comparing the effectiveness of two medications on two different groups of patients. || Evaluating the difference in reaction times between men and women. || Determining if a new teaching method improves grades across different schools.,Assessing the impact of a training program by comparing scores before and after the program on the same individuals.,Correct,Yes,Assessing the impact of a training program by comparing scores before and after the program on the same individuals.,Yes,None,No formula needed,Keyed correctly and statistically sound as written.,,,Keep as is
Item 89,C:\Users\ppavl\OneDrive\Active projects\mofacts_config\psyc-3020-001-research-and-statistics-ii-spring-term-2026-export_1775424119593_unzipped\psyc-3020-001-research-and-statistics-ii-spring-term-2026-export_stims.json :: setspec.clusters[88].stims[0],"In the context of a matched pairs test, what does a confidence interval of the mean difference tell us?",Choice pool (runtime order randomized): The range in which the true mean difference lies with a certain level of confidence. || The exact value of the mean difference. || The maximum possible mean difference. || The probability that the mean difference is zero.,The range in which the true mean difference lies with a certain level of confidence.,Correct,Yes,The range in which the true mean difference lies with a certain level of confidence.,Yes,None,No formula needed,Keyed correctly and statistically sound as written.,,,Keep as is
Item 90,C:\Users\ppavl\OneDrive\Active projects\mofacts_config\psyc-3020-001-research-and-statistics-ii-spring-term-2026-export_1775424119593_unzipped\psyc-3020-001-research-and-statistics-ii-spring-term-2026-export_stims.json :: setspec.clusters[89].stims[0],"A researcher is conducting a matched pairs test to compare cognitive abilities before and after a brain-training exercise. If the resulting p-value is 0.03, what can be concluded?","Choice pool (runtime order randomized): The brain-training exercise significantly changed cognitive abilities. || The brain-training exercise had an effect, but it might not be significant. || The brain-training exercise had no effect on cognitive abilities. || There is a 3% probability that the brain-training exercise improved cognitive abilities.",The brain-training exercise significantly changed cognitive abilities.,Correct,Yes,The brain-training exercise significantly changed cognitive abilities.,Yes,None,No formula needed,Keyed correctly and statistically sound as written.,,,Keep as is
Item 91,C:\Users\ppavl\OneDrive\Active projects\mofacts_config\psyc-3020-001-research-and-statistics-ii-spring-term-2026-export_1775424119593_unzipped\psyc-3020-001-research-and-statistics-ii-spring-term-2026-export_stims.json :: setspec.clusters[90].stims[0],"A psychologist is investigating whether there is a relationship between stress levels (high, medium, low) and preferred coping mechanism (exercise, meditation, social support) in a sample of 120 adults. What statistical test should be used to determine if there is a significant association between stress levels and preferred coping mechanism?",Choice pool (runtime order randomized): Chi-square test for independence || Two-sample t-test || One-way ANOVA || Paired t-test,Chi-square test for independence,Correct,Yes,Chi-square test for independence,Yes,None,No formula needed,Keyed correctly and statistically sound as written.,,,Keep as is
Item 92,C:\Users\ppavl\OneDrive\Active projects\mofacts_config\psyc-3020-001-research-and-statistics-ii-spring-term-2026-export_1775424119593_unzipped\psyc-3020-001-research-and-statistics-ii-spring-term-2026-export_stims.json :: setspec.clusters[91].stims[0],Which of the following is NOT an assumption of the chi-square test for independence?,Choice pool (runtime order randomized): The sample size should be less than 100. || The sample is randomly selected from the population. || The variables are categorical. || The observations are independent of each other.,The sample size should be less than 100.,Correct,Yes,The sample size should be less than 100.,Yes,None,No formula needed,Keyed correctly and statistically sound as written.,,,Keep as is
Item 93,C:\Users\ppavl\OneDrive\Active projects\mofacts_config\psyc-3020-001-research-and-statistics-ii-spring-term-2026-export_1775424119593_unzipped\psyc-3020-001-research-and-statistics-ii-spring-term-2026-export_stims.json :: setspec.clusters[92].stims[0],"In a study examining the relationship between age group (18-34, 35-54, 55+) and political party affiliation (Democrat, Republican, Independent), the following table of observed counts was obtained: To calculate the expected count for the cell corresponding to the 18-34 age group and Democrat affiliation, you would use the formula:",Choice pool (runtime order randomized): Row total for 18-34 × Column total for Democrat ÷ Total sample size || Row total for 18-34 - Column total for Democrat × Total sample size || Row total for 18-34 ÷ Column total for Democrat × Total sample size || Row total for 18-34 + Column total for Democrat ÷ Total sample size,Row total for 18-34 × Column total for Democrat ÷ Total sample size,Correct,Yes,Row total for 18-34 × Column total for Democrat ÷ Total sample size,Yes,None,No formula needed,Keyed correctly and statistically sound as written.,,,Keep as is
Item 94,C:\Users\ppavl\OneDrive\Active projects\mofacts_config\psyc-3020-001-research-and-statistics-ii-spring-term-2026-export_1775424119593_unzipped\psyc-3020-001-research-and-statistics-ii-spring-term-2026-export_stims.json :: setspec.clusters[93].stims[0],The chi-square test for independence is used to determine if there is a significant association between two variables. What is the null hypothesis for this test?,Choice pool (runtime order randomized): There is no significant association between the two variables. || There is a significant association between the two variables. || The two variables are dependent on each other. || The two variables have equal means.,There is no significant association between the two variables.,Correct,Yes,There is no significant association between the two variables.,Yes,None,No formula needed,Keyed correctly and statistically sound as written.,,,Keep as is
Item 95,C:\Users\ppavl\OneDrive\Active projects\mofacts_config\psyc-3020-001-research-and-statistics-ii-spring-term-2026-export_1775424119593_unzipped\psyc-3020-001-research-and-statistics-ii-spring-term-2026-export_stims.json :: setspec.clusters[94].stims[0],"A researcher wants to know if there is a relationship between a person’s gender (male, female) and their favorite genre of music (rock, pop, hip-hop, country). They survey 200 people and obtain the following observed counts: If the researcher wants to conduct a chi-square test for independence at a significance level of 0.05, what is the critical value for this test?",Choice pool (runtime order randomized): 7.81 || 11.07 || 9.49 || 12.59,7.81,Correct,Yes,7.81,Yes,None,No formula needed,Keyed correctly and statistically sound as written.,,,Keep as is
Item 96,C:\Users\ppavl\OneDrive\Active projects\mofacts_config\psyc-3020-001-research-and-statistics-ii-spring-term-2026-export_1775424119593_unzipped\psyc-3020-001-research-and-statistics-ii-spring-term-2026-export_stims.json :: setspec.clusters[95].stims[0],"In a chi-square test for independence, what is the purpose of calculating the expected frequencies for each cell in the contingency table?",Choice pool (runtime order randomized): To compare them with the observed frequencies and assess the difference || To identify the categories of the independent and dependent variables || To calculate the degrees of freedom for the test || To determine the sample size required for the study,To compare them with the observed frequencies and assess the difference,Correct,Yes,To compare them with the observed frequencies and assess the difference,Yes,None,No formula needed,Keyed correctly and statistically sound as written.,,,Keep as is
Item 97,C:\Users\ppavl\OneDrive\Active projects\mofacts_config\psyc-3020-001-research-and-statistics-ii-spring-term-2026-export_1775424119593_unzipped\psyc-3020-001-research-and-statistics-ii-spring-term-2026-export_stims.json :: setspec.clusters[96].stims[0],"When conducting a chi-square test for independence, what does a small p-value (typically less than 0.05) indicate?",Choice pool (runtime order randomized): Strong evidence against the null hypothesis || Strong evidence in favor of the null hypothesis || No relationship between the variables || Insufficient evidence to draw a conclusion,Strong evidence against the null hypothesis,Correct,Yes,Strong evidence against the null hypothesis,Yes,None,No formula needed,Keyed correctly and statistically sound as written.,,,Keep as is
Item 98,C:\Users\ppavl\OneDrive\Active projects\mofacts_config\psyc-3020-001-research-and-statistics-ii-spring-term-2026-export_1775424119593_unzipped\psyc-3020-001-research-and-statistics-ii-spring-term-2026-export_stims.json :: setspec.clusters[97].stims[0],"A researcher is investigating the association between a person’s age group (18-34, 35-54, 55+) and their preferred social media platform (Facebook, Instagram, Twitter, LinkedIn). The contingency table has 3 rows and 4 columns. What are the degrees of freedom for the chi-square test for independence?",Choice pool (runtime order randomized): 6 || 2 || 3 || 12,6,Correct,Yes,6,Yes,None,No formula needed,Keyed correctly and statistically sound as written.,,,Keep as is
Item 99,C:\Users\ppavl\OneDrive\Active projects\mofacts_config\psyc-3020-001-research-and-statistics-ii-spring-term-2026-export_1775424119593_unzipped\psyc-3020-001-research-and-statistics-ii-spring-term-2026-export_stims.json :: setspec.clusters[98].stims[0],"A study was conducted to determine if there is a relationship between a person’s smoking status (smoker, non-smoker) and their risk of developing lung cancer (high, low). The chi-square test for independence was performed, and the chi-square statistic was found to be 20.8. The degrees of freedom for the test are 1. What can be concluded from this result at a significance level of 0.01?",Choice pool (runtime order randomized): There is a significant association between smoking status and risk of developing lung cancer. || Smoking does not increase the risk of developing lung cancer. || The study proves that smoking causes lung cancer. || There is no significant association between smoking status and risk of developing lung cancer.,There is a significant association between smoking status and risk of developing lung cancer.,Correct,Yes,There is a significant association between smoking status and risk of developing lung cancer.,Yes,None,No formula needed,Keyed correctly and statistically sound as written.,,,Keep as is
Item 100,C:\Users\ppavl\OneDrive\Active projects\mofacts_config\psyc-3020-001-research-and-statistics-ii-spring-term-2026-export_1775424119593_unzipped\psyc-3020-001-research-and-statistics-ii-spring-term-2026-export_stims.json :: setspec.clusters[99].stims[0],"In a psychology experiment studying the effects of sleep deprivation on mood, researchers collect data from participants through interviews and questionnaires. What stage of the data lifecycle is this?",Choice pool (runtime order randomized): Producing Data || Exploratory Data Analysis || Inference || Probability,Producing Data,Correct,Yes,Producing Data,Yes,None,No formula needed,Keyed correctly and statistically sound as written.,,,Keep as is
Item 101,C:\Users\ppavl\OneDrive\Active projects\mofacts_config\psyc-3020-001-research-and-statistics-ii-spring-term-2026-export_1775424119593_unzipped\psyc-3020-001-research-and-statistics-ii-spring-term-2026-export_stims.json :: setspec.clusters[100].stims[0],A psychologist measures the number of times a person smiles during a 10-minute video. What type of random variable is being measured?,Choice pool (runtime order randomized): Discrete Random Variable || Continuous Random Variable || Categorical Random Variable || Ordinal Random Variable,Discrete Random Variable,Correct,Yes,Discrete Random Variable,Yes,None,No formula needed,Keyed correctly and statistically sound as written.,,,Keep as is
Item 102,C:\Users\ppavl\OneDrive\Active projects\mofacts_config\psyc-3020-001-research-and-statistics-ii-spring-term-2026-export_1775424119593_unzipped\psyc-3020-001-research-and-statistics-ii-spring-term-2026-export_stims.json :: setspec.clusters[101].stims[0],"In a study on happiness, researchers categorize responses as ‘Very Unhappy,’ ‘Unhappy,’ ‘Neutral,’ ‘Happy,’ and ‘Very Happy.’ What type of random variable is this?",Choice pool (runtime order randomized): Ordinal Random Variable || Continuous Random Variable || Discrete Random Variable || Normal Random Variable,Ordinal Random Variable,Correct,Yes,Ordinal Random Variable,Yes,None,No formula needed,Keyed correctly and statistically sound as written.,,,Keep as is
Item 103,C:\Users\ppavl\OneDrive\Active projects\mofacts_config\psyc-3020-001-research-and-statistics-ii-spring-term-2026-export_1775424119593_unzipped\psyc-3020-001-research-and-statistics-ii-spring-term-2026-export_stims.json :: setspec.clusters[102].stims[0],A psychological study measures the exact time in seconds that it takes for participants to complete a task. What type of random variable is being measured?,Choice pool (runtime order randomized): Continuous Random Variable || Discrete Random Variable || Categorical Random Variable || Ordinal Random Variable,Continuous Random Variable,Correct,Yes,Continuous Random Variable,Yes,None,No formula needed,Keyed correctly and statistically sound as written.,,,Keep as is
Item 104,C:\Users\ppavl\OneDrive\Active projects\mofacts_config\psyc-3020-001-research-and-statistics-ii-spring-term-2026-export_1775424119593_unzipped\psyc-3020-001-research-and-statistics-ii-spring-term-2026-export_stims.json :: setspec.clusters[103].stims[0],"After conducting a study on stress levels in college students, a researcher creates graphs and charts to understand the data better. Which stage of the data lifecycle is the researcher in?",Choice pool (runtime order randomized): Exploratory Data Analysis || Producing Data || Inference || Probability,Exploratory Data Analysis,Correct,Yes,Exploratory Data Analysis,Yes,None,No formula needed,Keyed correctly and statistically sound as written.,,,Keep as is
Item 105,C:\Users\ppavl\OneDrive\Active projects\mofacts_config\psyc-3020-001-research-and-statistics-ii-spring-term-2026-export_1775424119593_unzipped\psyc-3020-001-research-and-statistics-ii-spring-term-2026-export_stims.json :: setspec.clusters[104].stims[0],Which of the following is the most common method used to simulate a discrete random variable in a classroom setting?,Choice pool (runtime order randomized): Rolling a die || Measuring the height of students || Timing how long it takes to solve a problem || Measuring a person's weight in kilograms,Rolling a die,Correct,Yes,Rolling a die,Yes,None,No formula needed,Keyed correctly and statistically sound as written.,,,Keep as is
Item 106,C:\Users\ppavl\OneDrive\Active projects\mofacts_config\psyc-3020-001-research-and-statistics-ii-spring-term-2026-export_1775424119593_unzipped\psyc-3020-001-research-and-statistics-ii-spring-term-2026-export_stims.json :: setspec.clusters[105].stims[0],"A study on therapy outcomes categorizes patient prior therapy as 'Cognitive Behavioral Therapy,' 'Psychodynamic Therapy,' and 'Humanistic Therapy.' What type of random variable is this?",Choice pool (runtime order randomized): Categorical Random Variable || Continuous Random Variable || Discrete Random Variable || Binomial Random Variable,Categorical Random Variable,Correct,Yes,Categorical Random Variable,Yes,None,No formula needed,Keyed correctly and statistically sound as written.,,,Keep as is
Item 107,C:\Users\ppavl\OneDrive\Active projects\mofacts_config\psyc-3020-001-research-and-statistics-ii-spring-term-2026-export_1775424119593_unzipped\psyc-3020-001-research-and-statistics-ii-spring-term-2026-export_stims.json :: setspec.clusters[106].stims[0],"In a study to understand stress levels in high-stakes exams, the variable of interest is the ‘final score’ of each student. What type of random variable is this (assuming that there is no partial credit, and scores are whole numbers)?",Choice pool (runtime order randomized): Discrete Random Variable || Continuous Random Variable || Categorical Random Variable || Ordinal Random Variable,Discrete Random Variable,Correct,Yes,Discrete Random Variable,Yes,None,No formula needed,Keyed correctly and statistically sound as written.,,,Keep as is
Item 108,C:\Users\ppavl\OneDrive\Active projects\mofacts_config\psyc-3020-001-research-and-statistics-ii-spring-term-2026-export_1775424119593_unzipped\psyc-3020-001-research-and-statistics-ii-spring-term-2026-export_stims.json :: setspec.clusters[107].stims[0],"In a study on dietary habits, people are categorized as ‘Vegan,’ ‘Vegetarian,’ ‘Pescatarian,’ and ‘Omnivore.’ What type of random variable is this?",Choice pool (runtime order randomized): Categorical Random Variable || Continuous Random Variable || Discrete Random Variable || Ordinal Random Variable,Categorical Random Variable,Correct,Yes,Categorical Random Variable,Yes,None,No formula needed,Keyed correctly and statistically sound as written.,,,Keep as is
Item 109,C:\Users\ppavl\OneDrive\Active projects\mofacts_config\psyc-3020-001-research-and-statistics-ii-spring-term-2026-export_1775424119593_unzipped\psyc-3020-001-research-and-statistics-ii-spring-term-2026-export_stims.json :: setspec.clusters[108].stims[0],"In a clinical psychology study, patients are asked to rate their mood on a scale from 1 to 10. What type of random variable is this, assuming they can enter any decimals they want… e.g. a rating of 6.772?",Choice pool (runtime order randomized): Continuous Random Variable || Discrete Random Variable || Categorical Random Variable || Ordinal Random Variable,Continuous Random Variable,Correct,Yes,Continuous Random Variable,Yes,None,No formula needed,Keyed correctly and statistically sound as written.,,,Keep as is
Item 110,C:\Users\ppavl\OneDrive\Active projects\mofacts_config\psyc-3020-001-research-and-statistics-ii-spring-term-2026-export_1775424119593_unzipped\psyc-3020-001-research-and-statistics-ii-spring-term-2026-export_stims.json :: setspec.clusters[109].stims[0],"A psychologist is investigating the relationship between the number of hours spent studying and exam scores in a psychology course. After plotting the data points on a scatterplot, she observes a linear pattern. What is the next step in determining if there is a significant linear relationship between the two variables?",Choice pool (runtime order randomized): Conduct a t-test for the significance of the linear relationship || Calculate the mean and standard deviation of each variable || Compare the exam scores of students who studied for different amounts of time || Perform a chi-square test for independence,Conduct a t-test for the significance of the linear relationship,Correct,Yes,Conduct a t-test for the significance of the linear relationship,Yes,None,No formula needed,Keyed correctly and statistically sound as written.,,,Keep as is
Item 111,C:\Users\ppavl\OneDrive\Active projects\mofacts_config\psyc-3020-001-research-and-statistics-ii-spring-term-2026-export_1775424119593_unzipped\psyc-3020-001-research-and-statistics-ii-spring-term-2026-export_stims.json :: setspec.clusters[110].stims[0],"A researcher is examining the relationship between a person’s age and their reaction time. The scatterplot shows a clear linear pattern, and the correlation coefficient (r) is calculated to be 0.78. Which of the following statements best describes this result?",Choice pool (runtime order randomized): There is a strong positive linear relationship between age and reaction time || There is a weak negative linear relationship between age and reaction time || There is a weak positive linear relationship between age and reaction time || There is a strong negative linear relationship between age and reaction time,There is a strong positive linear relationship between age and reaction time,Correct,Yes,There is a strong positive linear relationship between age and reaction time,Yes,None,No formula needed,Keyed correctly and statistically sound as written.,,,Keep as is
Item 112,C:\Users\ppavl\OneDrive\Active projects\mofacts_config\psyc-3020-001-research-and-statistics-ii-spring-term-2026-export_1775424119593_unzipped\psyc-3020-001-research-and-statistics-ii-spring-term-2026-export_stims.json :: setspec.clusters[111].stims[0],A study is conducted to investigate the relationship between the number of hours of sleep per night and job performance ratings. The least squares regression line is found to be: PERFORMANCE = 2.5 + 0.4 * SLEEP. What does the slope of 0.4 represent?,"Choice pool (runtime order randomized): For every additional hour of sleep, job performance ratings increase by 0.4 points on average || The predicted job performance rating when an individual gets no sleep || For every additional point in job performance rating, sleep increases by 0.4 hours on average || The predicted job performance rating when an individual gets 1 hour of sleep","For every additional hour of sleep, job performance ratings increase by 0.4 points on average",Correct,Yes,"For every additional hour of sleep, job performance ratings increase by 0.4 points on average",Yes,None,No formula needed,Keyed correctly and statistically sound as written.,,,Keep as is
Item 113,C:\Users\ppavl\OneDrive\Active projects\mofacts_config\psyc-3020-001-research-and-statistics-ii-spring-term-2026-export_1775424119593_unzipped\psyc-3020-001-research-and-statistics-ii-spring-term-2026-export_stims.json :: setspec.clusters[112].stims[0],Which of the following is NOT an assumption of the t-test for the significance of the linear relationship between two quantitative variables?,Choice pool (runtime order randomized): The relationship between the variables must be causal || The data points follow a linear pattern || The data is obtained from a random sample of the population || The variance of the response variable is the same for all values of the explanatory variable,The relationship between the variables must be causal,Correct,Yes,The relationship between the variables must be causal,Yes,None,No formula needed,Keyed correctly and statistically sound as written.,,,Keep as is
Item 114,C:\Users\ppavl\OneDrive\Active projects\mofacts_config\psyc-3020-001-research-and-statistics-ii-spring-term-2026-export_1775424119593_unzipped\psyc-3020-001-research-and-statistics-ii-spring-term-2026-export_stims.json :: setspec.clusters[113].stims[0],A researcher wants to predict a student’s GPA based on the number of hours they spend on social media per week. What is the primary purpose of finding the least squares regression line in this context?,Choice pool (runtime order randomized): To estimate the GPA of a student based on their social media usage || To test if there is a significant difference in social media usage between students with high and low GPAs || To calculate the correlation coefficient between GPA and social media usage || To determine if there is a significant difference in GPA between students who use social media and those who don’t,To estimate the GPA of a student based on their social media usage,Correct,Yes,To estimate the GPA of a student based on their social media usage,Yes,None,No formula needed,Keyed correctly and statistically sound as written.,,,Keep as is
Item 115,C:\Users\ppavl\OneDrive\Active projects\mofacts_config\psyc-3020-001-research-and-statistics-ii-spring-term-2026-export_1775424119593_unzipped\psyc-3020-001-research-and-statistics-ii-spring-term-2026-export_stims.json :: setspec.clusters[114].stims[0],"A study finds that the correlation coefficient between the number of hours spent exercising per week and self-reported happiness levels is 0.85. However, upon further inspection, it is discovered that the data set includes an outlier where one individual reported exercising for 40 hours a week. What should the researcher do?",Choice pool (runtime order randomized): Remove the outlier and recalculate the correlation coefficient || Transform the data to minimize the impact of the outlier || Keep the outlier and interpret the results as they are || Disregard the correlation coefficient and focus solely on the scatterplot,Remove the outlier and recalculate the correlation coefficient,Incorrect,No,"The researcher should investigate the outlier, verify whether it is an error, and assess how influential it is; it should not be removed automatically just because it is extreme.",No,Logic flaw,No formula needed,Automatic deletion of outliers is bad statistical practice and can bias results.,Replace the keyed option with an option about investigating the point and comparing analyses with and without it.,"If deletion is intended, state that the value is known to be a data-entry error.",Revise concept/substance
Item 116,C:\Users\ppavl\OneDrive\Active projects\mofacts_config\psyc-3020-001-research-and-statistics-ii-spring-term-2026-export_1775424119593_unzipped\psyc-3020-001-research-and-statistics-ii-spring-term-2026-export_stims.json :: setspec.clusters[115].stims[0],"In a linear regression analysis, the null hypothesis states that:",Choice pool (runtime order randomized): The slope of the regression line is equal to 0 || The slope of the regression line is equal to 1 || The intercept of the regression line is equal to 0 || The correlation coefficient is equal to 0,The slope of the regression line is equal to 0,Ambiguous,Yes,The slope of the regression line is equal to 0,Yes,Ambiguity,No formula needed,"In simple linear regression, testing slope = 0 is equivalent to testing correlation = 0, so two answer choices are correct.",Replace the correlation option with something false in both simple and multiple regression settings.,"Specify ""simple linear regression"" or ask directly about the slope parameter.",Revise choices
Item 117,C:\Users\ppavl\OneDrive\Active projects\mofacts_config\psyc-3020-001-research-and-statistics-ii-spring-term-2026-export_1775424119593_unzipped\psyc-3020-001-research-and-statistics-ii-spring-term-2026-export_stims.json :: setspec.clusters[116].stims[0],"A psychologist is studying the relationship between the number of therapy sessions attended and the improvement in a patient’s anxiety levels. The scatterplot shows a linear pattern, and the least squares regression line is found to be: ANXIETYIMPROVEMENT = 10 + 2.5 * SESSIONS. If a patient attends 8 therapy sessions, what is their predicted anxiety improvement score?",Choice pool (runtime order randomized): 30 || 10 || 18 || 20,30,Correct,Yes,30,Yes,None,Okay via simple division/arithmetic,Keyed correctly; the required work is simple arithmetic rather than formula memorization.,,,Keep as is
Item 118,C:\Users\ppavl\OneDrive\Active projects\mofacts_config\psyc-3020-001-research-and-statistics-ii-spring-term-2026-export_1775424119593_unzipped\psyc-3020-001-research-and-statistics-ii-spring-term-2026-export_stims.json :: setspec.clusters[117].stims[0],A researcher is investigating the relationship between the number of hours spent playing video games per week (GAMINGHOURS) and academic performance (ACADEMICPERFORMANCE) among high school students. The least squares regression line is: ACADEMICPERFORMANCE = 90 - 1.5 * GAMINGHOURS. The data used to develop this model included students who played video games for up to 20 hours per week. What would be an example of extrapolation in this context?,Choice pool (runtime order randomized): Predicting the academic performance of a student who plays video games for 30 hours per week || Predicting the academic performance of a student who plays video games for 0 hours per week || Predicting the academic performance of a student who plays video games for 20 hours per week || Predicting the academic performance of a student who plays video games for 10 hours per week,Predicting the academic performance of a student who plays video games for 30 hours per week,Correct,Yes,Predicting the academic performance of a student who plays video games for 30 hours per week,Yes,None,No formula needed,Keyed correctly and statistically sound as written.,,,Keep as is
Item 119,C:\Users\ppavl\OneDrive\Active projects\mofacts_config\psyc-3020-001-research-and-statistics-ii-spring-term-2026-export_1775424119593_unzipped\psyc-3020-001-research-and-statistics-ii-spring-term-2026-export_stims.json :: setspec.clusters[118].stims[0],Which of the following statements is true about the least squares regression line?,Choice pool (runtime order randomized): It minimizes the sum of the squared vertical distances between the data points and the line || It minimizes the sum of the absolute vertical distances between the data points and the line || It minimizes the sum of the absolute horizontal distances between the data points and the line || It minimizes the sum of the squared horizontal distances between the data points and the line,It minimizes the sum of the squared vertical distances between the data points and the line,Correct,Yes,It minimizes the sum of the squared vertical distances between the data points and the line,Yes,None,No formula needed,Keyed correctly and statistically sound as written.,,,Keep as is
Item 120,C:\Users\ppavl\OneDrive\Active projects\mofacts_config\psyc-3020-001-research-and-statistics-ii-spring-term-2026-export_1775424119593_unzipped\psyc-3020-001-research-and-statistics-ii-spring-term-2026-export_stims.json :: setspec.clusters[119].stims[0],What is the purpose of the intercept (β₀) in the multiple regression equation?,Choice pool (runtime order randomized): It indicates the value of the dependent variable when all independent variables are set to zero. || It adjusts the slope of the regression line based on the scale of the independent variables. || It predicts the value of the dependent variable when all independent variables are at their mean values. || It represents the average effect of all independent variables on the dependent variable.,It indicates the value of the dependent variable when all independent variables are set to zero.,Correct,Yes,It indicates the value of the dependent variable when all independent variables are set to zero.,Yes,None,No formula needed,Keyed correctly and statistically sound as written.,,,Keep as is
Item 121,C:\Users\ppavl\OneDrive\Active projects\mofacts_config\psyc-3020-001-research-and-statistics-ii-spring-term-2026-export_1775424119593_unzipped\psyc-3020-001-research-and-statistics-ii-spring-term-2026-export_stims.json :: setspec.clusters[120].stims[0],"When preparing data for multiple regression analysis, why is dummy coding used for categorical variables?",Choice pool (runtime order randomized): To allow for the inclusion of nominal variables by creating binary (0 or 1) variables. || To convert categorical variables into the dependent. || To increase the variability and predictive power of the model. || To ensure that all variables are on the same scale.,To allow for the inclusion of nominal variables by creating binary (0 or 1) variables.,Correct,Yes,To allow for the inclusion of nominal variables by creating binary (0 or 1) variables.,Yes,None,No formula needed,Keyed correctly and statistically sound as written.,,,Keep as is
Item 122,C:\Users\ppavl\OneDrive\Active projects\mofacts_config\psyc-3020-001-research-and-statistics-ii-spring-term-2026-export_1775424119593_unzipped\psyc-3020-001-research-and-statistics-ii-spring-term-2026-export_stims.json :: setspec.clusters[121].stims[0],How does multiple regression analysis accommodate the different types of relationships between independent variables (both continuous and categorical) and the dependent variable?,Choice pool (runtime order randomized): Through the inclusion of quantitative terms for continuous variables and the use of dummy variables for categorical variables. || It assumes all relationships are non-linear and cannot model linear relationships without transformations. || It requires converting all categorical variables to continuous scales using complex encoding techniques. || It models only linear relationships and cannot include categorical variables or capture non-linear dynamics between variables.,Through the inclusion of quantitative terms for continuous variables and the use of dummy variables for categorical variables.,Correct,Yes,Through the inclusion of quantitative terms for continuous variables and the use of dummy variables for categorical variables.,Yes,None,No formula needed,Keyed correctly and statistically sound as written.,,,Keep as is
Item 123,C:\Users\ppavl\OneDrive\Active projects\mofacts_config\psyc-3020-001-research-and-statistics-ii-spring-term-2026-export_1775424119593_unzipped\psyc-3020-001-research-and-statistics-ii-spring-term-2026-export_stims.json :: setspec.clusters[122].stims[0],"In a psychological study examining the effects of sleep, diet, and exercise on mood (measured on a numerical scale), which variable would be considered the dependent variable?",Choice pool (runtime order randomized): Mood || Sleep || Exercise || Diet,Mood,Correct,Yes,Mood,Yes,None,No formula needed,Keyed correctly and statistically sound as written.,,,Keep as is
Item 124,C:\Users\ppavl\OneDrive\Active projects\mofacts_config\psyc-3020-001-research-and-statistics-ii-spring-term-2026-export_1775424119593_unzipped\psyc-3020-001-research-and-statistics-ii-spring-term-2026-export_stims.json :: setspec.clusters[123].stims[0],What does a high Variance Inflation Factor (VIF) indicate in the context of multiple regression?,Choice pool (runtime order randomized): A high level of multicollinearity among the independent variables. || That the dependent variable is well-predicted by the independent variables. || A low level of correlation between the independent variables. || The model is perfectly specified without any omitted variables.,A high level of multicollinearity among the independent variables.,Correct,Yes,A high level of multicollinearity among the independent variables.,Yes,None,No formula needed,Keyed correctly and statistically sound as written.,,,Keep as is
Item 125,C:\Users\ppavl\OneDrive\Active projects\mofacts_config\psyc-3020-001-research-and-statistics-ii-spring-term-2026-export_1775424119593_unzipped\psyc-3020-001-research-and-statistics-ii-spring-term-2026-export_stims.json :: setspec.clusters[124].stims[0],"A researcher is using multiple regression to predict job satisfaction (Y) based on hours of work per week (X₁), level of autonomy (X₂), and salary (X₃). What does a coefficient (β₂) value of 0.5 for the level of autonomy (X₂) imply?","Choice pool (runtime order randomized): For every one-unit increase in autonomy, job satisfaction increases by 0.5 units, holding all other variables constant. || Salary and hours of work per week have twice the impact on job satisfaction as autonomy. || Autonomy accounts for 50% of the variability in job satisfaction. || For every one-unit increase in autonomy, job satisfaction decreases by 0.5 units.","For every one-unit increase in autonomy, job satisfaction increases by 0.5 units, holding all other variables constant.",Correct,Yes,"For every one-unit increase in autonomy, job satisfaction increases by 0.5 units, holding all other variables constant.",Yes,None,No formula needed,Keyed correctly and statistically sound as written.,,,Keep as is
Item 126,C:\Users\ppavl\OneDrive\Active projects\mofacts_config\psyc-3020-001-research-and-statistics-ii-spring-term-2026-export_1775424119593_unzipped\psyc-3020-001-research-and-statistics-ii-spring-term-2026-export_stims.json :: setspec.clusters[125].stims[0],"In psychological research, dummy coding is often used when including a categorical variable, such as marital status (single, married, divorced), in a multiple regression model. How many dummy variables are needed for marital status using reference (dummy) coding?",Choice pool (runtime order randomized): 2 || 4 || 1 || 3,2,Correct,Yes,2,Yes,None,No formula needed,Keyed correctly and statistically sound as written.,,,Keep as is
Item 127,C:\Users\ppavl\OneDrive\Active projects\mofacts_config\psyc-3020-001-research-and-statistics-ii-spring-term-2026-export_1775424119593_unzipped\psyc-3020-001-research-and-statistics-ii-spring-term-2026-export_stims.json :: setspec.clusters[126].stims[0],"In the context of multiple regression, what does the Adjusted R-squared measure provide that R-squared does not?","Choice pool (runtime order randomized): A measure of the proportion of variance in the dependent variable explained by all predictors, adjusted for the number of predictors. || The total variance in the dependent variable explained by the model. || The correlation coefficient between the observed and predicted values of the dependent variable. || A prediction of future observations based on the regression model.","A measure of the proportion of variance in the dependent variable explained by all predictors, adjusted for the number of predictors.",Correct,Yes,"A measure of the proportion of variance in the dependent variable explained by all predictors, adjusted for the number of predictors.",Yes,None,No formula needed,Keyed correctly and statistically sound as written.,,,Keep as is
Item 128,C:\Users\ppavl\OneDrive\Active projects\mofacts_config\psyc-3020-001-research-and-statistics-ii-spring-term-2026-export_1775424119593_unzipped\psyc-3020-001-research-and-statistics-ii-spring-term-2026-export_stims.json :: setspec.clusters[127].stims[0],"Considering the assumptions of multiple regression, which of the following scenarios illustrates a violation of the independence of errors assumption?",Choice pool (runtime order randomized): The residuals for consecutive observations are correlated with each other. || The residuals from the regression model are randomly distributed. || The variance of residuals increases as the values of the independent variables increase. || All independent variables are uncorrelated with the error terms.,The residuals for consecutive observations are correlated with each other.,Correct,Yes,The residuals for consecutive observations are correlated with each other.,Yes,None,No formula needed,Keyed correctly and statistically sound as written.,,,Keep as is
Item 129,C:\Users\ppavl\OneDrive\Active projects\mofacts_config\psyc-3020-001-research-and-statistics-ii-spring-term-2026-export_1775424119593_unzipped\psyc-3020-001-research-and-statistics-ii-spring-term-2026-export_stims.json :: setspec.clusters[128].stims[0],"A researcher is examining how study time (X₁), class attendance (X₂), and student motivation (X₃) affect final exam scores (Y) in a college course. Which of the following best describes a valid hypothesis for multiple regression analysis?","Choice pool (runtime order randomized): Final exam scores can be predicted by a combination of study time, class attendance, and student motivation, holding all other variables constant. || Student motivation is the only significant predictor of final exam scores among the three variables. || Study time will have a greater effect on final exam scores than class attendance or student motivation. || Study time, class attendance, and student motivation will have significant effects as a function of group without any interaction effects.","Final exam scores can be predicted by a combination of study time, class attendance, and student motivation, holding all other variables constant.",Correct,Yes,"Final exam scores can be predicted by a combination of study time, class attendance, and student motivation, holding all other variables constant.",Yes,None,No formula needed,Keyed correctly and statistically sound as written.,,,Keep as is
Item 130,C:\Users\ppavl\OneDrive\Active projects\mofacts_config\psyc-3020-001-research-and-statistics-ii-spring-term-2026-export_1775424119593_unzipped\psyc-3020-001-research-and-statistics-ii-spring-term-2026-export_stims.json :: setspec.clusters[129].stims[0],"In the context of psychological research, an interaction effect in ANOVA suggests that:",Choice pool (runtime order randomized): The effect of one independent variable on the dependent variable changes depending on the level of another independent variable. || One variable has a greater effect on the outcome than another variable. || The independent variables have no effect on the dependent variable. || The effect of one independent variable on the dependent variable is consistent across all levels of another independent variable.,The effect of one independent variable on the dependent variable changes depending on the level of another independent variable.,Correct,Yes,The effect of one independent variable on the dependent variable changes depending on the level of another independent variable.,Yes,None,No formula needed,Keyed correctly and statistically sound as written.,,,Keep as is
Item 131,C:\Users\ppavl\OneDrive\Active projects\mofacts_config\psyc-3020-001-research-and-statistics-ii-spring-term-2026-export_1775424119593_unzipped\psyc-3020-001-research-and-statistics-ii-spring-term-2026-export_stims.json :: setspec.clusters[130].stims[0],"When visualizing interaction effects in a factorial ANOVA, which pattern in an interaction plot indicates a significant interaction between two factors?",Choice pool (runtime order randomized): Lines that cross each other or are non-parallel. || A single line that represents the combined effect of both factors. || Lines that perfectly overlap each other. || Parallel lines that do not intersect.,Lines that cross each other or are non-parallel.,Problematic but salvageable,Partly,"Crossing or non-parallel lines suggest an interaction pattern, but significance requires the ANOVA test rather than the plot alone.",Partly,Misinterpretation,No formula needed,"A plot can suggest an interaction, but it does not establish statistical significance by itself.",,"Change ""indicates a significant interaction"" to ""suggests an interaction.""",Revise wording
Item 132,C:\Users\ppavl\OneDrive\Active projects\mofacts_config\psyc-3020-001-research-and-statistics-ii-spring-term-2026-export_1775424119593_unzipped\psyc-3020-001-research-and-statistics-ii-spring-term-2026-export_stims.json :: setspec.clusters[131].stims[0],A psychologist is investigating the effects of therapy type (Cognitive-Behavioral Therapy vs. Supportive Therapy) and session format (Individual vs. Group) on patient anxiety reduction. What kind of ANOVA design is being used?,Choice pool (runtime order randomized): Two-way ANOVA || Three-way ANOVA || One-way ANOVA || Mixed-design ANOVA,Two-way ANOVA,Correct,Yes,Two-way ANOVA,Yes,None,No formula needed,Keyed correctly and statistically sound as written.,,,Keep as is
Item 133,C:\Users\ppavl\OneDrive\Active projects\mofacts_config\psyc-3020-001-research-and-statistics-ii-spring-term-2026-export_1775424119593_unzipped\psyc-3020-001-research-and-statistics-ii-spring-term-2026-export_stims.json :: setspec.clusters[132].stims[0],"If a significant interaction is found in a two-way ANOVA, what is the next step to understand the specific nature of this interaction?",Choice pool (runtime order randomized): Perform simple effects tests to explore the interaction at each level of the factors. || Conduct a one-way ANOVA for each factor separately. || Increase the sample size to confirm the interaction. || Recode the dependent variable and rerun the ANOVA.,Perform simple effects tests to explore the interaction at each level of the factors.,Correct,Yes,Perform simple effects tests to explore the interaction at each level of the factors.,Yes,None,No formula needed,Keyed correctly and statistically sound as written.,,,Keep as is
Item 134,C:\Users\ppavl\OneDrive\Active projects\mofacts_config\psyc-3020-001-research-and-statistics-ii-spring-term-2026-export_1775424119593_unzipped\psyc-3020-001-research-and-statistics-ii-spring-term-2026-export_stims.json :: setspec.clusters[133].stims[0],"In a study assessing the effectiveness of a new educational program, researchers found a significant interaction between the type of program (Experimental vs. Control) and the time of day the program was delivered (Morning vs. Afternoon). This means:","Choice pool (runtime order randomized): The effectiveness of the educational program depends on the time of day it is delivered. || The time of day has no impact on the effectiveness of any educational program. || The experimental program is less effective than the control program. || The program is equally effective, regardless of the time of day.",The effectiveness of the educational program depends on the time of day it is delivered.,Correct,Yes,The effectiveness of the educational program depends on the time of day it is delivered.,Yes,None,No formula needed,Keyed correctly and statistically sound as written.,,,Keep as is
Item 135,C:\Users\ppavl\OneDrive\Active projects\mofacts_config\psyc-3020-001-research-and-statistics-ii-spring-term-2026-export_1775424119593_unzipped\psyc-3020-001-research-and-statistics-ii-spring-term-2026-export_stims.json :: setspec.clusters[134].stims[0],Which of the following is an example of a continuous-categorical interaction in psychological research?,"Choice pool (runtime order randomized): Studying the effect of sleep duration (continuous) on memory recall, varying by age group (categorical). || Measuring stress levels before and after meditation. || Assessing the relationship between study time and test scores without grouping participants. || Comparing anxiety levels between patients receiving different types of therapy.","Studying the effect of sleep duration (continuous) on memory recall, varying by age group (categorical).",Correct,Yes,"Studying the effect of sleep duration (continuous) on memory recall, varying by age group (categorical).",Yes,None,No formula needed,Keyed correctly and statistically sound as written.,,,Keep as is
Item 136,C:\Users\ppavl\OneDrive\Active projects\mofacts_config\psyc-3020-001-research-and-statistics-ii-spring-term-2026-export_1775424119593_unzipped\psyc-3020-001-research-and-statistics-ii-spring-term-2026-export_stims.json :: setspec.clusters[135].stims[0],"In factorial ANOVA, what does a three-way interaction allow researchers to examine?",Choice pool (runtime order randomized): How the interaction between two independent variables changes across levels of a third variable. || The direct comparison between three independent variables. || The main effect of each independent variable separately. || The combined effect of three independent variables on the dependent variable without considering any possible interactions.,How the interaction between two independent variables changes across levels of a third variable.,Correct,Yes,How the interaction between two independent variables changes across levels of a third variable.,Yes,None,No formula needed,Keyed correctly and statistically sound as written.,,,Keep as is
Item 137,C:\Users\ppavl\OneDrive\Active projects\mofacts_config\psyc-3020-001-research-and-statistics-ii-spring-term-2026-export_1775424119593_unzipped\psyc-3020-001-research-and-statistics-ii-spring-term-2026-export_stims.json :: setspec.clusters[136].stims[0],A study on the impact of environmental noise (Low vs. High) and room lighting (Dim vs. Bright) on cognitive task performance reported a significant interaction effect. Which of the following conclusions is supported by this finding?,"Choice pool (runtime order randomized): The effect of environmental noise on cognitive task performance varies with the lighting condition. || Cognitive task performance is better in bright lighting, regardless of noise level. || The impact of noise level on cognitive task performance is the same in both dim and bright lighting. || Environmental noise only affects cognitive task performance in dim lighting.",The effect of environmental noise on cognitive task performance varies with the lighting condition.,Correct,Yes,The effect of environmental noise on cognitive task performance varies with the lighting condition.,Yes,None,No formula needed,Keyed correctly and statistically sound as written.,,,Keep as is
Item 138,C:\Users\ppavl\OneDrive\Active projects\mofacts_config\psyc-3020-001-research-and-statistics-ii-spring-term-2026-export_1775424119593_unzipped\psyc-3020-001-research-and-statistics-ii-spring-term-2026-export_stims.json :: setspec.clusters[137].stims[0],"Quantitative Question: If an interaction plot shows the line for Group A ascending sharply while the line for Group B remains flat across different levels of an independent variable, what might the slope of the line for Group A suggest?","Choice pool (runtime order randomized): A significant interaction effect, indicating that the impact of the independent variable on the outcome variable is much stronger for Group A. || That Group B is not affected by changes in the independent variable. || A strong main effect of the independent variable for Group A. || The independent variable has a uniform effect across both groups.","A significant interaction effect, indicating that the impact of the independent variable on the outcome variable is much stronger for Group A.",Problematic but salvageable,Partly,"That pattern suggests an interaction because the effect differs by group, but significance cannot be concluded from the plot alone.",Partly,Misinterpretation,No formula needed,"The visual pattern is consistent with interaction, but the keyed wording overclaims by asserting significance.",,"Replace ""a significant interaction effect"" with ""an interaction pattern / possible interaction effect.""",Revise wording
Item 139,C:\Users\ppavl\OneDrive\Active projects\mofacts_config\psyc-3020-001-research-and-statistics-ii-spring-term-2026-export_1775424119593_unzipped\psyc-3020-001-research-and-statistics-ii-spring-term-2026-export_stims.json :: setspec.clusters[138].stims[0],"In psychological research, why is it important to conduct simple effects tests after finding a significant interaction in a factorial ANOVA?",Choice pool (runtime order randomized): To determine the specific nature of the interaction by examining the effects of one factor at each level of another factor. || To reduce the number of variables in the study for a more focused analysis. || To confirm the main effects of each independent variable. || To simplify the interaction into a main effect for easier interpretation.,To determine the specific nature of the interaction by examining the effects of one factor at each level of another factor.,Correct,Yes,To determine the specific nature of the interaction by examining the effects of one factor at each level of another factor.,Yes,None,No formula needed,Keyed correctly and statistically sound as written.,,,Keep as is
Item 140,C:\Users\ppavl\OneDrive\Active projects\mofacts_config\psyc-3020-001-research-and-statistics-ii-spring-term-2026-export_1775424119593_unzipped\psyc-3020-001-research-and-statistics-ii-spring-term-2026-export_stims.json :: setspec.clusters[139].stims[0],"The researchers grouped the stress levels into four categories of people: Low, Moderate, High, and Very High. What is this kind of data representation best called?",Choice pool (runtime order randomized): Ordinal Distribution || Pie Chart Distribution || Relative Frequency Distribution || Continuous Distribution,Ordinal Distribution,Problematic but salvageable,Partly,"The data are ordinal categories (an ordinal categorical variable), not what is usually called an ""ordinal distribution.""",Partly,Misinterpretation,No formula needed,The keyed label is not standard statistical terminology for the thing being described.,"Change the keyed choice to ""Ordinal categorical variable"" or ""Ordinal data.""",Ask what type of variable or category scale is being used.,Revise wording
Item 141,C:\Users\ppavl\OneDrive\Active projects\mofacts_config\psyc-3020-001-research-and-statistics-ii-spring-term-2026-export_1775424119593_unzipped\psyc-3020-001-research-and-statistics-ii-spring-term-2026-export_stims.json :: setspec.clusters[140].stims[0],Which of the following best describes a pie chart?,Choice pool (runtime order randomized): A chart that shows the relative proportions of categories in a dataset. || A chart that displays individual frequencies of categories. || A chart that compares changes in a variable over time. || A chart that presents time-series data.,A chart that shows the relative proportions of categories in a dataset.,Correct,Yes,A chart that shows the relative proportions of categories in a dataset.,Yes,None,No formula needed,Keyed correctly and statistically sound as written.,,,Keep as is
Item 142,C:\Users\ppavl\OneDrive\Active projects\mofacts_config\psyc-3020-001-research-and-statistics-ii-spring-term-2026-export_1775424119593_unzipped\psyc-3020-001-research-and-statistics-ii-spring-term-2026-export_stims.json :: setspec.clusters[141].stims[0],"Each door led to a different outcome. If the participants had no prior information about what lay behind the doors, what term best describes the odds of choosing each door?",Choice pool (runtime order randomized): Equally Likely Events || Conditional Probability || Biased Events || Relative Frequency,Equally Likely Events,Correct,Yes,Equally Likely Events,Yes,None,No formula needed,Keyed correctly and statistically sound as written.,,,Keep as is
Item 143,C:\Users\ppavl\OneDrive\Active projects\mofacts_config\psyc-3020-001-research-and-statistics-ii-spring-term-2026-export_1775424119593_unzipped\psyc-3020-001-research-and-statistics-ii-spring-term-2026-export_stims.json :: setspec.clusters[142].stims[0],When is a bar chart most appropriate to use?,Choice pool (runtime order randomized): To represent numerical differences between categories. || To represent the cumulative frequency of a dataset. || To represent changes over time. || To represent the central tendency of a dataset.,To represent numerical differences between categories.,Correct,Yes,To represent numerical differences between categories.,Yes,None,No formula needed,Keyed correctly and statistically sound as written.,,,Keep as is
Item 144,C:\Users\ppavl\OneDrive\Active projects\mofacts_config\psyc-3020-001-research-and-statistics-ii-spring-term-2026-export_1775424119593_unzipped\psyc-3020-001-research-and-statistics-ii-spring-term-2026-export_stims.json :: setspec.clusters[143].stims[0],"After collecting data, they decide to represent it as percentages of the total sample. What is this called?",Choice pool (runtime order randomized): Relative Frequency Distribution || Equally Likely Events || Frequency Distribution || Categorical Distribution,Relative Frequency Distribution,Correct,Yes,Relative Frequency Distribution,Yes,None,No formula needed,Keyed correctly and statistically sound as written.,,,Keep as is
Item 145,C:\Users\ppavl\OneDrive\Active projects\mofacts_config\psyc-3020-001-research-and-statistics-ii-spring-term-2026-export_1775424119593_unzipped\psyc-3020-001-research-and-statistics-ii-spring-term-2026-export_stims.json :: setspec.clusters[144].stims[0],Which of the following is an example of categorical data?,Choice pool (runtime order randomized): The types of dreams reported in a sleep study. || The weights of individuals in a study. || The monthly income of participants in a survey. || The amount of time spent on social media daily.,The types of dreams reported in a sleep study.,Correct,Yes,The types of dreams reported in a sleep study.,Yes,None,No formula needed,Keyed correctly and statistically sound as written.,,,Keep as is
Item 146,C:\Users\ppavl\OneDrive\Active projects\mofacts_config\psyc-3020-001-research-and-statistics-ii-spring-term-2026-export_1775424119593_unzipped\psyc-3020-001-research-and-statistics-ii-spring-term-2026-export_stims.json :: setspec.clusters[145].stims[0],In which of the following psychological contexts would a bar chart be most appropriate?,Choice pool (runtime order randomized): Showing the count of different types of personality disorder in a study group. || Correlating the mean scores of two different tests. || Displaying the change in stress levels of participants over time. || Examining the relationship between stress level and reaction time in a cognitive task.,Showing the count of different types of personality disorder in a study group.,Correct,Yes,Showing the count of different types of personality disorder in a study group.,Yes,None,No formula needed,Keyed correctly and statistically sound as written.,,,Keep as is
Item 147,C:\Users\ppavl\OneDrive\Active projects\mofacts_config\psyc-3020-001-research-and-statistics-ii-spring-term-2026-export_1775424119593_unzipped\psyc-3020-001-research-and-statistics-ii-spring-term-2026-export_stims.json :: setspec.clusters[146].stims[0],The concept of relative frequency is most similar to which of the following?,Choice pool (runtime order randomized): Probability || Variance || Median || Mean,Probability,Correct,Yes,Probability,Yes,None,No formula needed,Keyed correctly and statistically sound as written.,,,Keep as is
Item 148,C:\Users\ppavl\OneDrive\Active projects\mofacts_config\psyc-3020-001-research-and-statistics-ii-spring-term-2026-export_1775424119593_unzipped\psyc-3020-001-research-and-statistics-ii-spring-term-2026-export_stims.json :: setspec.clusters[147].stims[0],"In a multiple-choice test with 4 answer options for each question, what are the odds of randomly guessing the correct answer for a single question?",Choice pool (runtime order randomized): 1 in 4 || 1 in 5 || 1 in 3 || 1 in 2,1 in 4,Incorrect,No,The probability of a correct guess is 1/4; the odds in favor are 1:3.,No,Conceptual error,No formula needed,"The stem asks for odds, but the keyed answer gives probability.","Replace the choices with true odds expressions (for example 1:3, 1:4, 3:1, 4:1).","If probability is intended, change ""odds"" to ""probability.""",Revise concept/substance
Item 149,C:\Users\ppavl\OneDrive\Active projects\mofacts_config\psyc-3020-001-research-and-statistics-ii-spring-term-2026-export_1775424119593_unzipped\psyc-3020-001-research-and-statistics-ii-spring-term-2026-export_stims.json :: setspec.clusters[148].stims[0],Which method would best help you understand the proportion of each category in relation to the whole sample?,Choice pool (runtime order randomized): Convert the frequencies to relative frequencies. || Perform a regression analysis. || Calculate the mean happiness level. || Calculate the mode for each category.,Convert the frequencies to relative frequencies.,Correct,Yes,Convert the frequencies to relative frequencies.,Yes,None,No formula needed,Keyed correctly and statistically sound as written.,,,Keep as is
Item 150,C:\Users\ppavl\OneDrive\Active projects\mofacts_config\psyc-3020-001-research-and-statistics-ii-spring-term-2026-export_1775424119593_unzipped\psyc-3020-001-research-and-statistics-ii-spring-term-2026-export_stims.json :: setspec.clusters[149].stims[0],A psychologist is analyzing the stress levels of a group of patients using a standard stress scale. The mean stress level is 50 with a standard deviation of 10. What does the standard deviation signify in this context?,Choice pool (runtime order randomized): The variation in stress levels from the mean. || The average stress level of the patients. || The highest stress level recorded. || The total sum of all stress levels.,The variation in stress levels from the mean.,Correct,Yes,The variation in stress levels from the mean.,Yes,None,No formula needed,Keyed correctly and statistically sound as written.,,,Keep as is
Item 151,C:\Users\ppavl\OneDrive\Active projects\mofacts_config\psyc-3020-001-research-and-statistics-ii-spring-term-2026-export_1775424119593_unzipped\psyc-3020-001-research-and-statistics-ii-spring-term-2026-export_stims.json :: setspec.clusters[150].stims[0],"In a study, 200 individuals were asked about their hours of sleep. The histogram of their responses was nearly symmetrical. What does this suggest about the mean and median of the data?",Choice pool (runtime order randomized): The mean and median are approximately equal. || The relationship between the mean and median cannot be determined. || The mean is much smaller than the median. || The mean is much larger than the median.,The mean and median are approximately equal.,Correct,Yes,The mean and median are approximately equal.,Yes,None,No formula needed,Keyed correctly and statistically sound as written.,,,Keep as is
Item 152,C:\Users\ppavl\OneDrive\Active projects\mofacts_config\psyc-3020-001-research-and-statistics-ii-spring-term-2026-export_1775424119593_unzipped\psyc-3020-001-research-and-statistics-ii-spring-term-2026-export_stims.json :: setspec.clusters[151].stims[0],A histogram displaying the distribution of anxiety scores in a clinical trial is positively skewed. What does this imply about the majority of participants’ scores?,Choice pool (runtime order randomized): They are clustered around the lower end of the scale. || They are evenly distributed across the scale. || They are clustered around the higher end of the scale. || They are randomly distributed without any pattern.,They are clustered around the lower end of the scale.,Correct,Yes,They are clustered around the lower end of the scale.,Yes,None,No formula needed,Keyed correctly and statistically sound as written.,,,Keep as is
Item 153,C:\Users\ppavl\OneDrive\Active projects\mofacts_config\psyc-3020-001-research-and-statistics-ii-spring-term-2026-export_1775424119593_unzipped\psyc-3020-001-research-and-statistics-ii-spring-term-2026-export_stims.json :: setspec.clusters[152].stims[0],"In a study of job satisfaction among different professions, the variance was found to be 16. What is the standard deviation of job satisfaction in this study?",Choice pool (runtime order randomized): 4 || 32 || 8 || 64,4,Correct,Yes,4,Yes,None,Okay via simple division/arithmetic,Keyed correctly; the required work is simple arithmetic rather than formula memorization.,,,Keep as is
Item 154,C:\Users\ppavl\OneDrive\Active projects\mofacts_config\psyc-3020-001-research-and-statistics-ii-spring-term-2026-export_1775424119593_unzipped\psyc-3020-001-research-and-statistics-ii-spring-term-2026-export_stims.json :: setspec.clusters[153].stims[0],"A clinical psychologist is studying the duration of therapy sessions. Over the past month, the mean duration was 50 minutes with a variance of 4 minutes. What is the standard deviation of the therapy session durations?",Choice pool (runtime order randomized): 2 minutes || 16 minutes || 10 minutes || 64 minutes,2 minutes,Problematic but salvageable,Yes,2 minutes,Yes,Misinterpretation,Okay via simple division/arithmetic,"The keyed answer is numerically correct, but variance should be expressed in squared units, not minutes.",,"Change ""variance of 4 minutes"" to ""variance of 4 minutes squared"" or simply ""variance of 4.""",Revise wording
Item 155,C:\Users\ppavl\OneDrive\Active projects\mofacts_config\psyc-3020-001-research-and-statistics-ii-spring-term-2026-export_1775424119593_unzipped\psyc-3020-001-research-and-statistics-ii-spring-term-2026-export_stims.json :: setspec.clusters[154].stims[0],"In a study on weekly exercise hours among a group of adults, a relative frequency histogram was created. The histogram shows a bar for the 2-4 hours category that is twice as tall as the bar for the 0-2 hours category. What does this indicate?",Choice pool (runtime order randomized): The number of adults exercising 2-4 hours is twice as many as those exercising 0-2 hours. || Adults spend twice as much time in total exercising 2-4 hours as they do exercising 0-2 hours. || Adults exercising 2-4 hours are twice as healthy as those exercising 0-2 hours. || The average exercise time for all adults is between 2-4 hours.,The number of adults exercising 2-4 hours is twice as many as those exercising 0-2 hours.,Correct,Yes,The number of adults exercising 2-4 hours is twice as many as those exercising 0-2 hours.,Yes,None,No formula needed,Keyed correctly and statistically sound as written.,,,Keep as is
Item 156,C:\Users\ppavl\OneDrive\Active projects\mofacts_config\psyc-3020-001-research-and-statistics-ii-spring-term-2026-export_1775424119593_unzipped\psyc-3020-001-research-and-statistics-ii-spring-term-2026-export_stims.json :: setspec.clusters[155].stims[0],A research study finds that the mean score on a well-being scale is 70 with a variance of 25. What is the standard deviation of the well-being scores?,Choice pool (runtime order randomized): 5 || 10 || 15 || 20,5,Correct,Yes,5,Yes,None,Okay via simple division/arithmetic,Keyed correctly; the required work is simple arithmetic rather than formula memorization.,,,Keep as is
Item 157,C:\Users\ppavl\OneDrive\Active projects\mofacts_config\psyc-3020-001-research-and-statistics-ii-spring-term-2026-export_1775424119593_unzipped\psyc-3020-001-research-and-statistics-ii-spring-term-2026-export_stims.json :: setspec.clusters[156].stims[0],A histogram of the number of weekly therapy sessions attended by clients shows most data concentrated on the left side and the tail extending to the right. What type of skewness does this histogram exhibit?,Choice pool (runtime order randomized): Positive skewness || Negative skewness || No skewness || Bimodal skewness,Positive skewness,Correct,Yes,Positive skewness,Yes,None,No formula needed,Keyed correctly and statistically sound as written.,,,Keep as is
Item 158,C:\Users\ppavl\OneDrive\Active projects\mofacts_config\psyc-3020-001-research-and-statistics-ii-spring-term-2026-export_1775424119593_unzipped\psyc-3020-001-research-and-statistics-ii-spring-term-2026-export_stims.json :: setspec.clusters[157].stims[0],"In a study on patient recovery times from a specific therapy, a histogram of the data showed a symmetrical distribution. If the mean recovery time is 30 days, which of the following is most likely true?",Choice pool (runtime order randomized): The median and mode of recovery times are also around 30 days. || Recovery times are positively skewed around 30 days. || The majority of patients recover exactly in 30 days. || The median recovery time is significantly different from 30 days.,The median and mode of recovery times are also around 30 days.,Correct,Yes,The median and mode of recovery times are also around 30 days.,Yes,None,No formula needed,Keyed correctly and statistically sound as written.,,,Keep as is
Item 159,C:\Users\ppavl\OneDrive\Active projects\mofacts_config\psyc-3020-001-research-and-statistics-ii-spring-term-2026-export_1775424119593_unzipped\psyc-3020-001-research-and-statistics-ii-spring-term-2026-export_stims.json :: setspec.clusters[158].stims[0],"When analyzing the time spent on mindfulness exercises, a histogram shows most data points are clustered around the mean with few outliers. This distribution is an example of:",Choice pool (runtime order randomized): Low variance. || High variance. || Negative skewness. || Positive skewness.,Low variance.,Correct,Yes,Low variance.,Yes,None,No formula needed,Keyed correctly and statistically sound as written.,,,Keep as is
Item 160,C:\Users\ppavl\OneDrive\Active projects\mofacts_config\psyc-3020-001-research-and-statistics-ii-spring-term-2026-export_1775424119593_unzipped\psyc-3020-001-research-and-statistics-ii-spring-term-2026-export_stims.json :: setspec.clusters[159].stims[0],Which combination involves analyzing the effect of a categorical variable on a quantitative response?,Choice pool (runtime order randomized): Analyzing the effect of gender on IQ scores || Analyzing the relationship between height and weight || Analyzing the effect of age on preference for a political party || Analyzing the relationship between favorite color and favorite season,Analyzing the effect of gender on IQ scores,Correct,Yes,Analyzing the effect of gender on IQ scores,Yes,None,No formula needed,Keyed correctly and statistically sound as written.,,,Keep as is
Item 161,C:\Users\ppavl\OneDrive\Active projects\mofacts_config\psyc-3020-001-research-and-statistics-ii-spring-term-2026-export_1775424119593_unzipped\psyc-3020-001-research-and-statistics-ii-spring-term-2026-export_stims.json :: setspec.clusters[160].stims[0],"A psychologist is studying the effect of different relaxation techniques on stress levels, which are quantified. What type of role-type classification would this fall under?",Choice pool (runtime order randomized): Categorical explanatory and quantitative response || Quantitative explanatory and categorical response || Categorical explanatory and categorical response || Quantitative explanatory and quantitative response,Categorical explanatory and quantitative response,Correct,Yes,Categorical explanatory and quantitative response,Yes,None,No formula needed,Keyed correctly and statistically sound as written.,,,Keep as is
Item 162,C:\Users\ppavl\OneDrive\Active projects\mofacts_config\psyc-3020-001-research-and-statistics-ii-spring-term-2026-export_1775424119593_unzipped\psyc-3020-001-research-and-statistics-ii-spring-term-2026-export_stims.json :: setspec.clusters[161].stims[0],"You are a researcher who wants to study the effectiveness of various therapy methods (CBT, Psychoanalysis, and DBT) on the likelihood of relapse in patients with depression. Both variables are categorical. What type of role-type classification does this belong to?",Choice pool (runtime order randomized): Categorical explanatory and categorical response || Quantitative explanatory and categorical response || Categorical explanatory and quantitative response || Quantitative explanatory and quantitative response,Categorical explanatory and categorical response,Correct,Yes,Categorical explanatory and categorical response,Yes,None,No formula needed,Keyed correctly and statistically sound as written.,,,Keep as is
Item 163,C:\Users\ppavl\OneDrive\Active projects\mofacts_config\psyc-3020-001-research-and-statistics-ii-spring-term-2026-export_1775424119593_unzipped\psyc-3020-001-research-and-statistics-ii-spring-term-2026-export_stims.json :: setspec.clusters[162].stims[0],"In a political survey, you want to study if the level of education (categorical) affects political affiliation (also categorical). What is the role-type classification of this study?",Choice pool (runtime order randomized): Categorical explanatory and categorical response || Quantitative explanatory and categorical response || Categorical explanatory and quantitative response || Quantitative explanatory and quantitative response,Categorical explanatory and categorical response,Correct,Yes,Categorical explanatory and categorical response,Yes,None,No formula needed,Keyed correctly and statistically sound as written.,,,Keep as is
Item 164,C:\Users\ppavl\OneDrive\Active projects\mofacts_config\psyc-3020-001-research-and-statistics-ii-spring-term-2026-export_1775424119593_unzipped\psyc-3020-001-research-and-statistics-ii-spring-term-2026-export_stims.json :: setspec.clusters[163].stims[0],"You are an educational psychologist studying the effect of learning styles on academic performance. Learning styles are categorical (Visual, Auditory, Kinesthetic), and academic performance is measured quantitatively (GPA). What role-type classification does this fall under?",Choice pool (runtime order randomized): Categorical explanatory and quantitative response || Categorical explanatory and categorical response || Quantitative explanatory and categorical response || Quantitative explanatory and quantitative response,Categorical explanatory and quantitative response,Correct,Yes,Categorical explanatory and quantitative response,Yes,None,No formula needed,Keyed correctly and statistically sound as written.,,,Keep as is
Item 165,C:\Users\ppavl\OneDrive\Active projects\mofacts_config\psyc-3020-001-research-and-statistics-ii-spring-term-2026-export_1775424119593_unzipped\psyc-3020-001-research-and-statistics-ii-spring-term-2026-export_stims.json :: setspec.clusters[164].stims[0],A study aims to examine the relationship between screen time (in hours) and mood ratings (on a scale of 1 to 10). What type of role-type classification is this?,Choice pool (runtime order randomized): Quantitative explanatory and quantitative response || Categorical explanatory and categorical response || Quantitative explanatory and categorical response || Categorical explanatory and quantitative response,Quantitative explanatory and quantitative response,Correct,Yes,Quantitative explanatory and quantitative response,Yes,None,No formula needed,Keyed correctly and statistically sound as written.,,,Keep as is
Item 166,C:\Users\ppavl\OneDrive\Active projects\mofacts_config\psyc-3020-001-research-and-statistics-ii-spring-term-2026-export_1775424119593_unzipped\psyc-3020-001-research-and-statistics-ii-spring-term-2026-export_stims.json :: setspec.clusters[165].stims[0],"A doctor wants to study the effect of different diets on cholesterol levels. Diets are categorized into Vegan, Mediterranean, and Keto, while cholesterol levels are measured quantitatively. What is the role-type classification?",Choice pool (runtime order randomized): Categorical explanatory and quantitative response || Categorical explanatory and categorical response || Quantitative explanatory and quantitative response || Quantitative explanatory and categorical response,Categorical explanatory and quantitative response,Correct,Yes,Categorical explanatory and quantitative response,Yes,None,No formula needed,Keyed correctly and statistically sound as written.,,,Keep as is
Item 167,C:\Users\ppavl\OneDrive\Active projects\mofacts_config\psyc-3020-001-research-and-statistics-ii-spring-term-2026-export_1775424119593_unzipped\psyc-3020-001-research-and-statistics-ii-spring-term-2026-export_stims.json :: setspec.clusters[166].stims[0],A company is investigating how years of experience affect the likelihood of getting promoted. What type of role-type classification is this?,Choice pool (runtime order randomized): Quantitative explanatory and categorical response || Categorical explanatory and quantitative response || Categorical explanatory and categorical response || Quantitative explanatory and quantitative response,Quantitative explanatory and categorical response,Correct,Yes,Quantitative explanatory and categorical response,Yes,None,No formula needed,Keyed correctly and statistically sound as written.,,,Keep as is
Item 168,C:\Users\ppavl\OneDrive\Active projects\mofacts_config\psyc-3020-001-research-and-statistics-ii-spring-term-2026-export_1775424119593_unzipped\psyc-3020-001-research-and-statistics-ii-spring-term-2026-export_stims.json :: setspec.clusters[167].stims[0],An environmental researcher is studying how average temperature affects the number of species in various ecosystems. What type of role-type classification does this study fall under?,Choice pool (runtime order randomized): Quantitative explanatory and quantitative response || Categorical explanatory and quantitative response || Categorical explanatory and categorical response || Quantitative explanatory and categorical response,Quantitative explanatory and quantitative response,Correct,Yes,Quantitative explanatory and quantitative response,Yes,None,No formula needed,Keyed correctly and statistically sound as written.,,,Keep as is
Item 169,C:\Users\ppavl\OneDrive\Active projects\mofacts_config\psyc-3020-001-research-and-statistics-ii-spring-term-2026-export_1775424119593_unzipped\psyc-3020-001-research-and-statistics-ii-spring-term-2026-export_stims.json :: setspec.clusters[168].stims[0],A psychology study wants to examine if introversion/extroversion (categorical) affects job satisfaction (measured on a scale of 1 to 10). What is the role-type classification?,Choice pool (runtime order randomized): Categorical explanatory and quantitative response || Categorical explanatory and categorical response || Quantitative explanatory and quantitative response || Quantitative explanatory and categorical response,Categorical explanatory and quantitative response,Correct,Yes,Categorical explanatory and quantitative response,Yes,None,No formula needed,Keyed correctly and statistically sound as written.,,,Keep as is
Item 170,C:\Users\ppavl\OneDrive\Active projects\mofacts_config\psyc-3020-001-research-and-statistics-ii-spring-term-2026-export_1775424119593_unzipped\psyc-3020-001-research-and-statistics-ii-spring-term-2026-export_stims.json :: setspec.clusters[169].stims[0],What is the primary goal of statistics in the context of research?,Choice pool (runtime order randomized): To use information from a sample to draw conclusions about a larger population || To make the research look complicated || To gather as much data as possible regardless of relevance || To find the best way to visualize data,To use information from a sample to draw conclusions about a larger population,Correct,Yes,To use information from a sample to draw conclusions about a larger population,Yes,None,No formula needed,Keyed correctly and statistically sound as written.,,,Keep as is
Item 171,C:\Users\ppavl\OneDrive\Active projects\mofacts_config\psyc-3020-001-research-and-statistics-ii-spring-term-2026-export_1775424119593_unzipped\psyc-3020-001-research-and-statistics-ii-spring-term-2026-export_stims.json :: setspec.clusters[170].stims[0],"In a study on workplace stress levels, why is it important to obtain a representative sample?",Choice pool (runtime order randomized): To avoid bias and make the results applicable to the larger population || To ensure the research is conducted as quickly as possible || To make sure the sample reflects only the views of the management || To make the study easier to conduct,To avoid bias and make the results applicable to the larger population,Correct,Yes,To avoid bias and make the results applicable to the larger population,Yes,None,No formula needed,Keyed correctly and statistically sound as written.,,,Keep as is
Item 172,C:\Users\ppavl\OneDrive\Active projects\mofacts_config\psyc-3020-001-research-and-statistics-ii-spring-term-2026-export_1775424119593_unzipped\psyc-3020-001-research-and-statistics-ii-spring-term-2026-export_stims.json :: setspec.clusters[171].stims[0],A psychology researcher decides to interview students in her own class about their sleep patterns. What kind of sampling is this?,Choice pool (runtime order randomized): Convenience Sampling || Cluster Sampling || Stratified Sampling || Simple Random Sampling,Convenience Sampling,Correct,Yes,Convenience Sampling,Yes,None,No formula needed,Keyed correctly and statistically sound as written.,,,Keep as is
Item 173,C:\Users\ppavl\OneDrive\Active projects\mofacts_config\psyc-3020-001-research-and-statistics-ii-spring-term-2026-export_1775424119593_unzipped\psyc-3020-001-research-and-statistics-ii-spring-term-2026-export_stims.json :: setspec.clusters[172].stims[0],"In a study on the effectiveness of a new antidepressant, what does it mean if there is a high rate of nonresponse?",Choice pool (runtime order randomized): The results may be biased if those who didn’t respond are systematically different from those who did || The study needs to include more variables || The study was conducted perfectly || The antidepressant is likely to be ineffective,The results may be biased if those who didn’t respond are systematically different from those who did,Correct,Yes,The results may be biased if those who didn’t respond are systematically different from those who did,Yes,None,No formula needed,Keyed correctly and statistically sound as written.,,,Keep as is
Item 174,C:\Users\ppavl\OneDrive\Active projects\mofacts_config\psyc-3020-001-research-and-statistics-ii-spring-term-2026-export_1775424119593_unzipped\psyc-3020-001-research-and-statistics-ii-spring-term-2026-export_stims.json :: setspec.clusters[173].stims[0],When might stratified sampling be particularly useful?,Choice pool (runtime order randomized): When there are specific subgroups in the population that a researcher wants to ensure are adequately represented || When the population is homogenous || When the researcher wants to save time || When the researcher is unsure about the population size,When there are specific subgroups in the population that a researcher wants to ensure are adequately represented,Correct,Yes,When there are specific subgroups in the population that a researcher wants to ensure are adequately represented,Yes,None,No formula needed,Keyed correctly and statistically sound as written.,,,Keep as is
Item 175,C:\Users\ppavl\OneDrive\Active projects\mofacts_config\psyc-3020-001-research-and-statistics-ii-spring-term-2026-export_1775424119593_unzipped\psyc-3020-001-research-and-statistics-ii-spring-term-2026-export_stims.json :: setspec.clusters[174].stims[0],What does it mean to draw a ‘simple random sample’?,"Choice pool (runtime order randomized): Every group of individuals has the same chance of being selected as every other group of the same size || Selecting individuals based on their accessibility || Selecting every 10th person from a list || Randomly drawing names from a hat, with equal chance for everyone",Every group of individuals has the same chance of being selected as every other group of the same size,Ambiguous,Yes,Every group of individuals has the same chance of being selected as every other group of the same size,Yes,Ambiguity,No formula needed,"The keyed definition is correct, but ""randomly drawing names from a hat, with equal chance for everyone"" is also a valid way to describe a simple random sample.",Replace the hat-drawing option with a non-SRS procedure such as convenience or systematic sampling.,,Revise choices
Item 176,C:\Users\ppavl\OneDrive\Active projects\mofacts_config\psyc-3020-001-research-and-statistics-ii-spring-term-2026-export_1775424119593_unzipped\psyc-3020-001-research-and-statistics-ii-spring-term-2026-export_stims.json :: setspec.clusters[175].stims[0],A researcher wants to study the impact of school environment on child behavior. He randomly selects three schools and then studies all the students in those schools. What type of sampling is this?,Choice pool (runtime order randomized): Cluster Sampling || Convenience Sampling || Simple Random Sampling || Stratified Sampling,Cluster Sampling,Correct,Yes,Cluster Sampling,Yes,None,No formula needed,Keyed correctly and statistically sound as written.,,,Keep as is
Item 177,C:\Users\ppavl\OneDrive\Active projects\mofacts_config\psyc-3020-001-research-and-statistics-ii-spring-term-2026-export_1775424119593_unzipped\psyc-3020-001-research-and-statistics-ii-spring-term-2026-export_stims.json :: setspec.clusters[176].stims[0],Why is it important for the sampling frame to match the population?,Choice pool (runtime order randomized): To reduce the risk of bias and make the sample truly representative of the population || To make the research easier to conduct || To make the results more easily published || To increase the sample size,To reduce the risk of bias and make the sample truly representative of the population,Correct,Yes,To reduce the risk of bias and make the sample truly representative of the population,Yes,None,No formula needed,Keyed correctly and statistically sound as written.,,,Keep as is
Item 178,C:\Users\ppavl\OneDrive\Active projects\mofacts_config\psyc-3020-001-research-and-statistics-ii-spring-term-2026-export_1775424119593_unzipped\psyc-3020-001-research-and-statistics-ii-spring-term-2026-export_stims.json :: setspec.clusters[177].stims[0],"In a large-scale study on mental health, researchers first select states, then cities within those states, then individuals within those cities. What is this an example of?",Choice pool (runtime order randomized): Multistage Sampling || Simple Random Sampling || Cluster Sampling || Stratified Sampling,Multistage Sampling,Correct,Yes,Multistage Sampling,Yes,None,No formula needed,Keyed correctly and statistically sound as written.,,,Keep as is
Item 179,C:\Users\ppavl\OneDrive\Active projects\mofacts_config\psyc-3020-001-research-and-statistics-ii-spring-term-2026-export_1775424119593_unzipped\psyc-3020-001-research-and-statistics-ii-spring-term-2026-export_stims.json :: setspec.clusters[178].stims[0],Why do researchers most often avoid using the largest possible sample size?,Choice pool (runtime order randomized): Budget constraints limit the size of the sample they can realistically study || Researchers believe smaller samples are always more representative || Larger samples make the study less reliable || They prefer smaller samples for more accurate results,Budget constraints limit the size of the sample they can realistically study,Correct,Yes,Budget constraints limit the size of the sample they can realistically study,Yes,None,No formula needed,Keyed correctly and statistically sound as written.,,,Keep as is
Item 180,C:\Users\ppavl\OneDrive\Active projects\mofacts_config\psyc-3020-001-research-and-statistics-ii-spring-term-2026-export_1775424119593_unzipped\psyc-3020-001-research-and-statistics-ii-spring-term-2026-export_stims.json :: setspec.clusters[179].stims[0],Researchers find that people who drink more coffee tend to score higher on cognitive tests. What can be concluded from this study?,Choice pool (runtime order randomized): There is a correlation between drinking coffee and scoring higher on cognitive tests. || Coffee drinkers are inherently smarter than non-coffee drinkers. || A high score on cognitive tests causes people to drink more coffee. || Drinking coffee causes better cognitive performance.,There is a correlation between drinking coffee and scoring higher on cognitive tests.,Correct,Yes,There is a correlation between drinking coffee and scoring higher on cognitive tests.,Yes,None,No formula needed,Keyed correctly and statistically sound as written.,,,Keep as is
Item 181,C:\Users\ppavl\OneDrive\Active projects\mofacts_config\psyc-3020-001-research-and-statistics-ii-spring-term-2026-export_1775424119593_unzipped\psyc-3020-001-research-and-statistics-ii-spring-term-2026-export_stims.json :: setspec.clusters[180].stims[0],"In a study about sleep quality and academic performance, researchers found that students who sleep 8 hours a night perform better academically. Which of the following seems to be a likely lurking variable in this study?",Choice pool (runtime order randomized): Parental income || Type of mattress used for sleep || Number of siblings || Time of day the tests were taken,Parental income,Correct,Yes,Parental income,Yes,None,No formula needed,Keyed correctly and statistically sound as written.,,,Keep as is
Item 182,C:\Users\ppavl\OneDrive\Active projects\mofacts_config\psyc-3020-001-research-and-statistics-ii-spring-term-2026-export_1775424119593_unzipped\psyc-3020-001-research-and-statistics-ii-spring-term-2026-export_stims.json :: setspec.clusters[181].stims[0],Which of the following best describes a retrospective observational study?,Choice pool (runtime order randomized): Researchers look back at past data to find associations between variables. || Researchers track participants over time to observe outcomes. || Researchers manipulate one variable to observe its effect on another. || Researchers collect data in real-time without manipulating variables.,Researchers look back at past data to find associations between variables.,Correct,Yes,Researchers look back at past data to find associations between variables.,Yes,None,No formula needed,Keyed correctly and statistically sound as written.,,,Keep as is
Item 183,C:\Users\ppavl\OneDrive\Active projects\mofacts_config\psyc-3020-001-research-and-statistics-ii-spring-term-2026-export_1775424119593_unzipped\psyc-3020-001-research-and-statistics-ii-spring-term-2026-export_stims.json :: setspec.clusters[182].stims[0],"In a study on the effectiveness of a new antidepressant, what is the purpose of giving some participants a placebo?",Choice pool (runtime order randomized): To serve as a control group for comparison || To guarantee that the new antidepressant is effective || To ensure that all participants believe they are receiving treatment || To make the study more ethical,To serve as a control group for comparison,Correct,Yes,To serve as a control group for comparison,Yes,None,No formula needed,Keyed correctly and statistically sound as written.,,,Keep as is
Item 184,C:\Users\ppavl\OneDrive\Active projects\mofacts_config\psyc-3020-001-research-and-statistics-ii-spring-term-2026-export_1775424119593_unzipped\psyc-3020-001-research-and-statistics-ii-spring-term-2026-export_stims.json :: setspec.clusters[183].stims[0],"In a study testing the effects of a new learning technique on test scores, what would be a good control group?","Choice pool (runtime order randomized): Students who are given a different, proven effective learning technique || Students who are given the same learning technique but not tested || Students who are given the new learning technique but not informed about its supposed benefits || Students who are not given any learning technique","Students who are given a different, proven effective learning technique",Ambiguous,Partly,A no-treatment or standard-practice control is typically the clearest control; an active proven-technique control can also be valid depending on the study goal.,Partly,Ambiguity,No formula needed,More than one answer could be defended as a reasonable control condition because the stem does not specify whether the goal is superiority over no treatment or over an existing method.,"State a single target comparison (for example no treatment, placebo, or current standard method) and remove the other defensible control option.",Clarify whether the control should be an active control or a no-treatment/standard-practice control.,Revise concept/substance
Item 185,C:\Users\ppavl\OneDrive\Active projects\mofacts_config\psyc-3020-001-research-and-statistics-ii-spring-term-2026-export_1775424119593_unzipped\psyc-3020-001-research-and-statistics-ii-spring-term-2026-export_stims.json :: setspec.clusters[184].stims[0],"In a study to test a new weight loss pill, why might it be beneficial to use a double-blind method?",Choice pool (runtime order randomized): To ensure that the researchers do not influence the results || To guarantee that the pill is effective || To make the study more ethical || To make the participants more comfortable,To ensure that the researchers do not influence the results,Correct,Yes,To ensure that the researchers do not influence the results,Yes,None,No formula needed,Keyed correctly and statistically sound as written.,,,Keep as is
Item 186,C:\Users\ppavl\OneDrive\Active projects\mofacts_config\psyc-3020-001-research-and-statistics-ii-spring-term-2026-export_1775424119593_unzipped\psyc-3020-001-research-and-statistics-ii-spring-term-2026-export_stims.json :: setspec.clusters[185].stims[0],In which type of study do researchers have more control over the variables?,Choice pool (runtime order randomized): Experimental study || Prospective observational study || Retrospective observational study || None; researchers never have control over variables,Experimental study,Correct,Yes,Experimental study,Yes,None,No formula needed,Keyed correctly and statistically sound as written.,,,Keep as is
Item 187,C:\Users\ppavl\OneDrive\Active projects\mofacts_config\psyc-3020-001-research-and-statistics-ii-spring-term-2026-export_1775424119593_unzipped\psyc-3020-001-research-and-statistics-ii-spring-term-2026-export_stims.json :: setspec.clusters[186].stims[0],A correlation coefficient of -0.9 between stress levels and hours of sleep suggests what?,Choice pool (runtime order randomized): There is a strong negative correlation between stress levels and hours of sleep. || There is a strong positive correlation between stress levels and hours of sleep. || High stress levels cause fewer hours of sleep. || Stress levels and hours of sleep are not related.,There is a strong negative correlation between stress levels and hours of sleep.,Correct,Yes,There is a strong negative correlation between stress levels and hours of sleep.,Yes,None,No formula needed,Keyed correctly and statistically sound as written.,,,Keep as is
Item 188,C:\Users\ppavl\OneDrive\Active projects\mofacts_config\psyc-3020-001-research-and-statistics-ii-spring-term-2026-export_1775424119593_unzipped\psyc-3020-001-research-and-statistics-ii-spring-term-2026-export_stims.json :: setspec.clusters[187].stims[0],Why might a psychologist use a single-blind study rather than a double-blind study when researching a new psychotherapy method?,Choice pool (runtime order randomized): It may be difficult for the therapist to remain unaware of the treatment being given. || Single-blind studies are cheaper to conduct. || The psychologist wants to influence the outcome. || Single-blind studies are more ethical.,It may be difficult for the therapist to remain unaware of the treatment being given.,Correct,Yes,It may be difficult for the therapist to remain unaware of the treatment being given.,Yes,None,No formula needed,Keyed correctly and statistically sound as written.,,,Keep as is
Item 189,C:\Users\ppavl\OneDrive\Active projects\mofacts_config\psyc-3020-001-research-and-statistics-ii-spring-term-2026-export_1775424119593_unzipped\psyc-3020-001-research-and-statistics-ii-spring-term-2026-export_stims.json :: setspec.clusters[188].stims[0],Why is it important to have a large sample size in an experimental study?,Choice pool (runtime order randomized): A large sample size reduces the impact of outliers and increases the study’s generalizability. || A large sample size makes the study more ethical. || A large sample size ensures that the experiment will have a positive result. || A large sample size guarantees the study will be published.,A large sample size reduces the impact of outliers and increases the study’s generalizability.,Correct,Yes,A large sample size reduces the impact of outliers and increases the study’s generalizability.,Yes,None,No formula needed,Keyed correctly and statistically sound as written.,,,Keep as is
Item 190,C:\Users\ppavl\OneDrive\Active projects\mofacts_config\psyc-3020-001-research-and-statistics-ii-spring-term-2026-export_1775424119593_unzipped\psyc-3020-001-research-and-statistics-ii-spring-term-2026-export_stims.json :: setspec.clusters[189].stims[0],What is the range of values that the probability of an event can take?,Choice pool (runtime order randomized): 0 to 1 || 0 to 100 || 1 to 100 || -1 to 1,0 to 1,Correct,Yes,0 to 1,Yes,None,No formula needed,Keyed correctly and statistically sound as written.,,,Keep as is
Item 191,C:\Users\ppavl\OneDrive\Active projects\mofacts_config\psyc-3020-001-research-and-statistics-ii-spring-term-2026-export_1775424119593_unzipped\psyc-3020-001-research-and-statistics-ii-spring-term-2026-export_stims.json :: setspec.clusters[190].stims[0],"A psychologist is studying the likelihood that a person with social anxiety will decline an invitation to a social event. If 8 out of 10 people with social anxiety decline, what is the theoretical probability that the next person with social anxiety will also decline?",Choice pool (runtime order randomized): 0.8 || 0.5 || 1.0 || 0.2,0.8,Incorrect,No,0.8 is the empirical probability from the observed 8 of 10 cases; the question cannot ask for a theoretical probability from those data alone.,Partly,Misinterpretation,No formula needed,The stem confuses theoretical probability with empirical relative frequency.,,"Change ""theoretical probability"" to ""empirical probability.""",Revise concept/substance
Item 192,C:\Users\ppavl\OneDrive\Active projects\mofacts_config\psyc-3020-001-research-and-statistics-ii-spring-term-2026-export_1775424119593_unzipped\psyc-3020-001-research-and-statistics-ii-spring-term-2026-export_stims.json :: setspec.clusters[191].stims[0],"In a card game, you have observed that a certain card has been drawn 15 times in 100 games. What is the empirical probability of drawing that card in the next game?",Choice pool (runtime order randomized): 0.15 || 0.85 || 0.5 || 0.01,0.15,Correct,Yes,0.15,Yes,None,No formula needed,Keyed correctly and statistically sound as written.,,,Keep as is
Item 193,C:\Users\ppavl\OneDrive\Active projects\mofacts_config\psyc-3020-001-research-and-statistics-ii-spring-term-2026-export_1775424119593_unzipped\psyc-3020-001-research-and-statistics-ii-spring-term-2026-export_stims.json :: setspec.clusters[192].stims[0],Which of the following probabilities indicates the most likely event to occur?,Choice pool (runtime order randomized): 0.95 || 0.5 || 0.05 || 0.1,0.95,Correct,Yes,0.95,Yes,None,No formula needed,Keyed correctly and statistically sound as written.,,,Keep as is
Item 194,C:\Users\ppavl\OneDrive\Active projects\mofacts_config\psyc-3020-001-research-and-statistics-ii-spring-term-2026-export_1775424119593_unzipped\psyc-3020-001-research-and-statistics-ii-spring-term-2026-export_stims.json :: setspec.clusters[193].stims[0],Why is probability considered a way of quantifying uncertainty?,Choice pool (runtime order randomized): It provides a measure of how likely an event is to occur. || It gives us a way to feel more certain. || It guarantees accurate predictions of outcomes. || It helps us understand why an event occurs.,It provides a measure of how likely an event is to occur.,Correct,Yes,It provides a measure of how likely an event is to occur.,Yes,None,No formula needed,Keyed correctly and statistically sound as written.,,,Keep as is
Item 195,C:\Users\ppavl\OneDrive\Active projects\mofacts_config\psyc-3020-001-research-and-statistics-ii-spring-term-2026-export_1775424119593_unzipped\psyc-3020-001-research-and-statistics-ii-spring-term-2026-export_stims.json :: setspec.clusters[194].stims[0],What is the theoretical probability of getting a heads in a fair coin toss?,Choice pool (runtime order randomized): 0.5 || 0 || 0.25 || 1,0.5,Correct,Yes,0.5,Yes,None,No formula needed,Keyed correctly and statistically sound as written.,,,Keep as is
Item 196,C:\Users\ppavl\OneDrive\Active projects\mofacts_config\psyc-3020-001-research-and-statistics-ii-spring-term-2026-export_1775424119593_unzipped\psyc-3020-001-research-and-statistics-ii-spring-term-2026-export_stims.json :: setspec.clusters[195].stims[0],Why are multiple trials important in empirical probability?,Choice pool (runtime order randomized): They reduce the role of luck in the results. || They make the experiment more interesting. || They help in predicting the exact outcome of the next event. || They remove uncertainty completely.,They reduce the role of luck in the results.,Correct,Yes,They reduce the role of luck in the results.,Yes,None,No formula needed,Keyed correctly and statistically sound as written.,,,Keep as is
Item 197,C:\Users\ppavl\OneDrive\Active projects\mofacts_config\psyc-3020-001-research-and-statistics-ii-spring-term-2026-export_1775424119593_unzipped\psyc-3020-001-research-and-statistics-ii-spring-term-2026-export_stims.json :: setspec.clusters[196].stims[0],A psychologist tests the effectiveness of a new anxiety treatment on 100 patients and finds that 70% show significant improvement. What is the empirical probability that the next patient will show improvement?,Choice pool (runtime order randomized): 0.7 || 0.9 || 0.3 || 0.5,0.7,Correct,Yes,0.7,Yes,None,No formula needed,Keyed correctly and statistically sound as written.,,,Keep as is
Item 198,C:\Users\ppavl\OneDrive\Active projects\mofacts_config\psyc-3020-001-research-and-statistics-ii-spring-term-2026-export_1775424119593_unzipped\psyc-3020-001-research-and-statistics-ii-spring-term-2026-export_stims.json :: setspec.clusters[197].stims[0],A weather forecast indicates a 90% chance of rain tomorrow. Which of the following is true?,Choice pool (runtime order randomized): There is a high likelihood it will rain tomorrow. || The weather forecast cannot be trusted. || It will definitely rain tomorrow. || There is a small chance it will rain tomorrow.,There is a high likelihood it will rain tomorrow.,Correct,Yes,There is a high likelihood it will rain tomorrow.,Yes,None,No formula needed,Keyed correctly and statistically sound as written.,,,Keep as is
Item 199,C:\Users\ppavl\OneDrive\Active projects\mofacts_config\psyc-3020-001-research-and-statistics-ii-spring-term-2026-export_1775424119593_unzipped\psyc-3020-001-research-and-statistics-ii-spring-term-2026-export_stims.json :: setspec.clusters[198].stims[0],Which method uses a series of trials that produce outcomes that cannot be predicted exactly in advance?,Choice pool (runtime order randomized): Empirical (Observational) || Theoretical (Classical) || Neither || Both,Empirical (Observational),Correct,Yes,Empirical (Observational),Yes,None,No formula needed,Keyed correctly and statistically sound as written.,,,Keep as is
Item 200,C:\Users\ppavl\OneDrive\Active projects\mofacts_config\psyc-3020-001-research-and-statistics-ii-spring-term-2026-export_1775424119593_unzipped\psyc-3020-001-research-and-statistics-ii-spring-term-2026-export_stims.json :: setspec.clusters[199].stims[0],A psychologist is studying the stress levels of college students during finals week. The stress levels are normally distributed with a mean of 50 and a standard deviation of 10. What percentage of students have stress levels between 40 and 60?,Choice pool (runtime order randomized): 68% || 99.7% || 34% || 95%,68%,Correct,Yes,68%,Yes,None,Okay via empirical rule,Keyed correctly and answerable with normal-curve intuition / the empirical rule.,,,Keep as is
Item 201,C:\Users\ppavl\OneDrive\Active projects\mofacts_config\psyc-3020-001-research-and-statistics-ii-spring-term-2026-export_1775424119593_unzipped\psyc-3020-001-research-and-statistics-ii-spring-term-2026-export_stims.json :: setspec.clusters[200].stims[0],"In a normal distribution, which of the following is true about the mean, median, and mode?",Choice pool (runtime order randomized): They are all equal. || The mode is where the data peaks. || The mean is always larger than the median and mode. || The median is the highest point on the normal curve.,They are all equal.,Correct,Yes,They are all equal.,Yes,None,No formula needed,Keyed correctly and statistically sound as written.,,,Keep as is
Item 202,C:\Users\ppavl\OneDrive\Active projects\mofacts_config\psyc-3020-001-research-and-statistics-ii-spring-term-2026-export_1775424119593_unzipped\psyc-3020-001-research-and-statistics-ii-spring-term-2026-export_stims.json :: setspec.clusters[201].stims[0],"A study on test anxiety reveals that the scores are normally distributed. If a student’s z-score on this test is 2, how is their test anxiety score interpreted relative to the mean?",Choice pool (runtime order randomized): Above average || Cannot be determined from the given information || Below average || Average,Above average,Correct,Yes,Above average,Yes,None,No formula needed,Keyed correctly and statistically sound as written.,,,Keep as is
Item 203,C:\Users\ppavl\OneDrive\Active projects\mofacts_config\psyc-3020-001-research-and-statistics-ii-spring-term-2026-export_1775424119593_unzipped\psyc-3020-001-research-and-statistics-ii-spring-term-2026-export_stims.json :: setspec.clusters[202].stims[0],A clinical psychologist finds that the distribution of mood scores in a sample of patients is skewed right. This indicates that:,Choice pool (runtime order randomized): The mean is greater than the median. || The mean is equal to the mode. || The mean is less than the median. || The mean is equal to the median.,The mean is greater than the median.,Correct,Yes,The mean is greater than the median.,Yes,None,No formula needed,Keyed correctly and statistically sound as written.,,,Keep as is
Item 204,C:\Users\ppavl\OneDrive\Active projects\mofacts_config\psyc-3020-001-research-and-statistics-ii-spring-term-2026-export_1775424119593_unzipped\psyc-3020-001-research-and-statistics-ii-spring-term-2026-export_stims.json :: setspec.clusters[203].stims[0],"When comparing two different normal distributions, Distribution A has a mean of 100 and a standard deviation of 15, while Distribution B has a mean of 100 and a standard deviation of 5. Which distribution would show a greater spread of scores?",Choice pool (runtime order randomized): Distribution A || Cannot be determined from the given information || Both distributions have the same spread || Distribution B,Distribution A,Correct,Yes,Distribution A,Yes,None,No formula needed,Keyed correctly and statistically sound as written.,,,Keep as is
Item 205,C:\Users\ppavl\OneDrive\Active projects\mofacts_config\psyc-3020-001-research-and-statistics-ii-spring-term-2026-export_1775424119593_unzipped\psyc-3020-001-research-and-statistics-ii-spring-term-2026-export_stims.json :: setspec.clusters[204].stims[0],"A therapist is examining the relationship between hours of sleep and anxiety levels. The data is normally distributed. If the therapist wants to find the probability that a randomly selected person sleeps more than 8 hours, which of the following tools should they use to look up the probability?",Choice pool (runtime order randomized): Standard normal table || Mode calculation || Standard deviation rule || Z-score conversion,Standard normal table,Correct,Yes,Standard normal table,Yes,None,No formula needed,Keyed correctly and statistically sound as written.,,,Keep as is
Item 206,C:\Users\ppavl\OneDrive\Active projects\mofacts_config\psyc-3020-001-research-and-statistics-ii-spring-term-2026-export_1775424119593_unzipped\psyc-3020-001-research-and-statistics-ii-spring-term-2026-export_stims.json :: setspec.clusters[205].stims[0],"In a normal distribution, what proportion of the data falls within ±1.96 standard deviations from the mean (remember the empirical rule is approximate)?",Choice pool (runtime order randomized): Approximately 95% || Approximately 50% || Approximately 99.7% || Approximately 68%,Approximately 95%,Correct,Yes,Approximately 95%,Yes,None,Okay via empirical rule,Keyed correctly and answerable with normal-curve intuition / the empirical rule.,,,Keep as is
Item 207,C:\Users\ppavl\OneDrive\Active projects\mofacts_config\psyc-3020-001-research-and-statistics-ii-spring-term-2026-export_1775424119593_unzipped\psyc-3020-001-research-and-statistics-ii-spring-term-2026-export_stims.json :: setspec.clusters[206].stims[0],"A group of students took a psychological resilience test, which is normally distributed with a mean score of 85 and a standard deviation of 5. If one student scored a 95, what is their z-score?",Choice pool (runtime order randomized): 2 || 0.2 || 10 || 1,2,Correct,Yes,2,Yes,None,Okay via simple division/arithmetic,Keyed correctly; the required work is simple arithmetic rather than formula memorization.,,,Keep as is
Item 208,C:\Users\ppavl\OneDrive\Active projects\mofacts_config\psyc-3020-001-research-and-statistics-ii-spring-term-2026-export_1775424119593_unzipped\psyc-3020-001-research-and-statistics-ii-spring-term-2026-export_stims.json :: setspec.clusters[207].stims[0],"If the scores on a depression scale are normally distributed with a mean of 50 and a standard deviation of 10, what z-score corresponds to a score of 40?",Choice pool (runtime order randomized): -1 || 2 || 0.2 || 20,-1,Correct,Yes,-1,Yes,None,Okay via simple division/arithmetic,Keyed correctly; the required work is simple arithmetic rather than formula memorization.,,,Keep as is
Item 209,C:\Users\ppavl\OneDrive\Active projects\mofacts_config\psyc-3020-001-research-and-statistics-ii-spring-term-2026-export_1775424119593_unzipped\psyc-3020-001-research-and-statistics-ii-spring-term-2026-export_stims.json :: setspec.clusters[208].stims[0],"A research psychologist is interested in the time it takes for individuals to respond to different stimuli. If the response times are normally distributed with a mean of 300 milliseconds and a standard deviation of 50 milliseconds, what is the approximate probability that a randomly selected individual will have a response time less than 250 milliseconds?",Choice pool (runtime order randomized): 16% || 50% || 2.5% || 34%,16%,Correct,Yes,16%,Yes,None,Okay via empirical rule,Keyed correctly and answerable with normal-curve intuition / the empirical rule.,,,Keep as is
